Segmentasi,Status,New/ Existing,Product,offer status,B/W (Mbps),OTC,MRC,GRAND TOTAL,Cluster
EDUCATION,Greenfield,NEW,SMARTLINK,LOST ,0.005,0.02727272727272727,0.015294117647058823,0.026052104208416835,4
RETAIL CONSUMER GOODS,in Building,NEW,SMARTLINK,ACTIVE,0.003,0.0,0.03529411764705882,0.028056112224448898,5
EDUCATION,Greenfield,NEW,INFYLINK MIX,LOST ,0.005,0.01818181818181818,0.015294117647058823,0.021042084168336674,4
FINANCIAL & BANKING,Greenfield,NEW,SMARTLINK,DISSENGGAGED,0.0005,0.0,0.01764705882352941,0.013026052104208416,5
EDUCATION,Greenfield,NEW,SMARTLINK,LOST ,0.01,0.01818181818181818,0.027058823529411764,0.031062124248496994,4
MANUFAKTUR,in Building,EXISTING,INFYLINK MIX,LOST ,0.002,0.0,0.06470588235294117,0.0531062124248497,0
EDUCATION,Greenfield,EXISTING,INFYLINK MIX,PO WON,0.0,0.03636363636363636,0.0013529411764705882,0.019188376753507014,1
RETAIL CONSUMER GOODS,in Building,NEW,SMARTLINK,DISSENGGAGED,0.005,0.00909090909090909,0.010588235294117647,0.012024048096192385,5
EDUCATION,Greenfield,NEW,SMARTLINK,LOST ,0.01,0.01818181818181818,0.027058823529411764,0.031062124248496994,4
MANUFAKTUR,in Building,NEW,SMARTLINK,LOST ,0.01,0.01818181818181818,0.027058823529411764,0.031062124248496994,0
MANUFAKTUR,in Building,NEW,INFYLINK MIX,NEGOTIATION,0.02,0.05454545454545454,0.18235294117647058,0.18336673346693386,3
ISP & ICT,in Building,NEW,SMARTLINK,LOST ,0.0025,0.01818181818181818,0.015294117647058823,0.021042084168336674,5
MANUFAKTUR,in Building,NEW,SMARTLINK,LOST ,0.01,0.01818181818181818,0.018823529411764704,0.02404809619238477,0
MANUFAKTUR,in Building,NEW,INFYLINK MIX,DISSENGGAGED,0.003,0.09090909090909091,0.1764705882352941,0.19839679358717435,3
FINANCIAL & BANKING,in Building,NEW,SMARTLINK,LOST ,0.005,0.01818181818181818,0.010588235294117647,0.017034068136272545,0
HOREKA JKT,in Building,NEW,SMARTLINK,LOST ,0.0025,0.01818181818181818,0.010588235294117647,0.017034068136272545,0
MANUFAKTUR,in Building,EXISTING,INFYLINK MIX,ACTIVE,0.004,0.05454545454545454,0.09411764705882353,0.10821643286573146,3
FINANCIAL & BANKING,in Building,EXISTING,INFYLINK MIX,LOST ,0.001,0.03636363636363636,0.07647058823529411,0.08316633266533066,2
FINANCIAL & BANKING,in Building,EXISTING,INFYLINK MIX,LOST ,0.015000000000000001,0.0,0.01764705882352941,0.013026052104208416,0
MANUFAKTUR,in Building,NEW,INFYLINK MIX,DISSENGGAGED,0.01,0.01818181818181818,0.027058823529411764,0.031062124248496994,0
MANUFAKTUR,in Building,NEW,INFYLINK MIX,DISSENGGAGED,0.01,0.09090909090909091,0.16470588235294117,0.18837675350701402,3
RETAIL CONSUMER GOODS,in Building,NEW,INFYLINK MIX,DISSENGGAGED,0.005,0.07272727272727272,0.10588235294117647,0.1282565130260521,3
RETAIL CONSUMER GOODS,in Building,NEW,INFYLINK MIX,DISSENGGAGED,0.005,0.07272727272727272,0.08235294117647059,0.10821643286573146,3
ISP & ICT,in Building,NEW,SMARTLINK,LOST ,0.01,0.02727272727272727,0.027058823529411764,0.03607214428857715,5
RETAIL CONSUMER GOODS,in Building,NEW,INFYLINK MIX,LOST ,0.001,0.03636363636363636,0.08823529411764705,0.09318637274549098,3
MANUFAKTUR,in Building,EXISTING,INFYLINK MIX,ACTIVE,0.001,0.03636363636363636,0.08823529411764705,0.09318637274549098,0
MANUFAKTUR,in Building,NEW,INFYLINK MIX,ACTIVE,0.001,0.03636363636363636,0.041176470588235294,0.0531062124248497,0
MANUFAKTUR,in Building,NEW,SMARTLINK,LOST ,0.001,0.01818181818181818,0.010588235294117647,0.017034068136272545,0
FINANCIAL & BANKING,in Building,NEW,SMARTLINK,LOST ,0.007500000000000001,0.03636363636363636,0.024705882352941175,0.03907815631262525,0
ISP & ICT,in Building,NEW,SMARTLINK,DISSENGGAGED,0.01,0.02727272727272727,0.018823529411764704,0.02905811623246493,5
RETAIL CONSUMER GOODS,in Building,NEW,SMARTLINK,DISSENGGAGED,0.005,0.01818181818181818,0.015294117647058823,0.021042084168336674,5
MANUFAKTUR,in Building,NEW,INFYLINK MIX,LOST ,0.0005,0.03636363636363636,0.029411764705882353,0.04308617234468937,0
HEALTH FACILITY,in Building,NEW,SMARTLINK,DISSENGGAGED,0.005,0.01818181818181818,0.015294117647058823,0.021042084168336674,5
RETAIL CONSUMER GOODS,in Building,NEW,SMARTLINK,PO WON,0.001,0.05454545454545454,0.03529411764705882,0.058116232464929855,0
MANUFAKTUR,in Building,NEW,INFYLINK MIX,LOST ,0.006,0.05454545454545454,0.11176470588235293,0.12324649298597193,0
FINANCIAL & BANKING,in Building,NEW,SMARTLINK,DISSENGGAGED,0.005,0.02727272727272727,0.010588235294117647,0.022044088176352707,5
RETAIL CONSUMER GOODS,in Building,NEW,SMARTLINK,LOST ,0.001,0.07272727272727272,0.041176470588235294,0.07314629258517033,0
MANUFAKTUR,in Building,NEW,SMARTLINK,DISSENGGAGED,0.01,0.01818181818181818,0.027058823529411764,0.031062124248496994,0
MANUFAKTUR,in Building,NEW,SMARTLINK,LOST ,0.01,0.01818181818181818,0.027058823529411764,0.031062124248496994,0
RETAIL CONSUMER GOODS,in Building,EXISTING,INFYLINK MIX,DISSENGGAGED,0.005,0.06363636363636363,0.08235294117647059,0.1032064128256513,3
HEALTH FACILITY,in Building,NEW,SMARTLINK,LOST ,0.004,0.03636363636363636,0.09411764705882353,0.09819639278557114,0
EDUCATION,in Building,NEW,INFYLINK MIX,LOST ,0.005,0.01818181818181818,0.03529411764705882,0.038076152304609215,0
EDUCATION,Greenfield,NEW,SMARTLINK,LOST ,0.005,0.01818181818181818,0.018823529411764704,0.02404809619238477,4
ISP & ICT,in Building,NEW,SMARTLINK,DISSENGGAGED,0.005,0.07272727272727272,0.08235294117647059,0.10821643286573146,5
RETAIL CONSUMER GOODS,in Building,NEW,SMARTLINK,LOST ,0.005,0.01818181818181818,0.010588235294117647,0.017034068136272545,0
FINANCIAL & BANKING,in Building,NEW,INFYLINK MIX,DISSENGGAGED,0.001,0.045454545454545456,0.03529411764705882,0.0531062124248497,2
MANUFAKTUR,in Building,NEW,SMARTLINK,LOST ,0.002,0.045454545454545456,0.058823529411764705,0.07314629258517033,0
RETAIL CONSUMER GOODS,in Building,NEW,INFYLINK MIX,LOST ,0.001,0.045454545454545456,0.03529411764705882,0.0531062124248497,3
MANUFAKTUR,in Building,NEW,INFYLINK MIX,LOST ,0.01,0.06363636363636363,0.09999999999999999,0.11823647294589178,0
EDUCATION,Greenfield,NEW,INFYLINK MIX,PROPOSAL,0.005,0.09090909090909091,0.06470588235294117,0.1032064128256513,1
MANUFAKTUR,in Building,NEW,SMARTLINK,PO CANCELLED,0.01,0.02727272727272727,0.027058823529411764,0.03607214428857715,0
FINANCIAL & BANKING,in Building,NEW,SMARTLINK,LOST ,0.005,0.09090909090909091,0.09999999999999999,0.13326653306613226,0
MANUFAKTUR,in Building,NEW,INFYLINK MIX,PO WON,0.005,0.0,0.029411764705882353,0.02304609218436874,0
MANUFAKTUR,in Building,NEW,SMARTLINK,DISSENGGAGED,0.007500000000000001,0.02727272727272727,0.024705882352941175,0.03406813627254509,0
MANUFAKTUR,in Building,NEW,SMARTLINK,LOST ,0.007500000000000001,0.045454545454545456,0.041176470588235294,0.058116232464929855,0
EDUCATION,Greenfield,NEW,INFYLINK MIX,LOST ,0.02,0.09090909090909091,0.23529411764705882,0.24849699398797592,1
FINANCIAL & BANKING,in Building,NEW,INFYLINK MIX,LOST ,0.02,0.01818181818181818,0.047058823529411764,0.04809619238476954,0
EDUCATION,Greenfield,NEW,INFYLINK MIX,DISSENGGAGED,0.01,0.045454545454545456,0.041176470588235294,0.058116232464929855,1
EDUCATION,Greenfield,NEW,INFYLINK MIX,LOST ,0.01,0.045454545454545456,0.03529411764705882,0.0531062124248497,4
RETAIL CONSUMER GOODS,in Building,NEW,SMARTLINK,LOST ,0.01,0.02727272727272727,0.027058823529411764,0.03607214428857715,0
MANUFAKTUR,in Building,NEW,SMARTLINK,LOST ,0.01,0.01818181818181818,0.018823529411764704,0.02404809619238477,0
EDUCATION,Greenfield,NEW,SMARTLINK,LOST ,0.002,0.02727272727272727,0.03529411764705882,0.04308617234468937,4
MANUFAKTUR,in Building,NEW,SMARTLINK,LOST ,0.005,0.02727272727272727,0.01764705882352941,0.028056112224448898,0
ISP & ICT,in Building,NEW,SMARTLINK,PO WON,0.01,0.01818181818181818,0.018823529411764704,0.02404809619238477,5
RETAIL CONSUMER GOODS,in Building,NEW,SMARTLINK,DISSENGGAGED,0.005,0.05454545454545454,0.06470588235294117,0.08316633266533066,0
MANUFAKTUR,in Building,NEW,INFYLINK MIX,PROPOSAL,0.005,0.05454545454545454,0.058823529411764705,0.0781563126252505,2
ISP & ICT,in Building,NEW,INFYLINK MIX,ACTIVE,0.002,0.0,0.023529411764705882,0.018036072144288578,5
MANUFAKTUR,in Building,NEW,SMARTLINK,DISSENGGAGED,0.01,0.02727272727272727,0.027058823529411764,0.03607214428857715,0
ISP & ICT,in Building,NEW,SMARTLINK,PROPOSAL,0.01,0.02727272727272727,0.029411764705882353,0.038076152304609215,5
MANUFAKTUR,in Building,EXISTING,SMARTLINK,PO WON,0.001,0.03636363636363636,0.03529411764705882,0.04809619238476954,0
EDUCATION,in Building,NEW,SMARTLINK,LOST ,0.005,0.02727272727272727,0.015294117647058823,0.026052104208416835,0
MANUFAKTUR,in Building,NEW,INFYLINK MIX,DISSENGGAGED,0.01,0.06363636363636363,0.09411764705882353,0.11322645290581163,3
HOREKA JKT,in Building,NEW,SMARTLINK,LOST ,0.005,0.06363636363636363,0.07058823529411765,0.09318637274549098,0
RETAIL CONSUMER GOODS,in Building,NEW,SMARTLINK,LOST ,0.01,0.02727272727272727,0.018823529411764704,0.02905811623246493,0
RETAIL CONSUMER GOODS,in Building,NEW,SMARTLINK,LOST ,0.01,0.02727272727272727,0.018823529411764704,0.02905811623246493,0
FINANCIAL & BANKING,in Building,NEW,SMARTLINK,ACTIVE,0.0,0.03636363636363636,0.0,0.018036072144288578,5
FINANCIAL & BANKING,in Building,NEW,SMARTLINK,LOST ,0.0025,0.02727272727272727,0.007647058823529411,0.019539078156312627,0
ISP & ICT,in Building,NEW,SMARTLINK,LOST ,0.015000000000000001,0.09090909090909091,0.11764705882352941,0.14829659318637273,0
RETAIL CONSUMER GOODS,in Building,NEW,SMARTLINK,DISSENGGAGED,0.01,0.02727272727272727,0.015294117647058823,0.026052104208416835,5
EDUCATION,Greenfield,NEW,INFYLINK MIX,LOST ,0.005,0.01818181818181818,0.015294117647058823,0.021042084168336674,4
ISP & ICT,in Building,NEW,SMARTLINK,ACTIVE,0.0,0.03636363636363636,0.0,0.018036072144288578,5
MANUFAKTUR,in Building,EXISTING,SMARTLINK,LOST ,0.0,0.03636363636363636,0.0013529411764705882,0.019188376753507014,0
ISP & ICT,in Building,NEW,SMARTLINK,NEGOTIATION,0.005,0.05454545454545454,0.052941176470588235,0.07314629258517033,5
FINANCIAL & BANKING,in Building,NEW,SMARTLINK,LOST ,0.025,0.05454545454545454,0.045294117647058825,0.06663326653306613,0
MANUFAKTUR,in Building,NEW,SMARTLINK,LOST ,0.01,0.03636363636363636,0.018823529411764704,0.03406813627254509,0
MANUFAKTUR,in Building,NEW,INFYLINK MIX,LOST ,0.01,0.07272727272727272,0.018823529411764704,0.05410821643286573,0
ISP & ICT,in Building,NEW,SMARTLINK,LOST ,0.01,0.07272727272727272,0.058823529411764705,0.08817635270541081,0
MANUFAKTUR,in Building,NEW,SMARTLINK,DISSENGGAGED,0.01,0.07272727272727272,0.08823529411764705,0.11322645290581163,0
RETAIL CONSUMER GOODS,in Building,NEW,SMARTLINK,LOST ,0.0025,0.03636363636363636,0.011764705882352941,0.028056112224448898,0
MANUFAKTUR,in Building,NEW,SMARTLINK,DISSENGGAGED,0.003,0.05454545454545454,0.052941176470588235,0.07314629258517033,0
ISP & ICT,in Building,NEW,SMARTLINK,PROPOSAL,0.01,0.05454545454545454,0.027058823529411764,0.05110220440881763,5
RETAIL CONSUMER GOODS,in Building,NEW,SMARTLINK,LOST ,0.005,0.02727272727272727,0.015294117647058823,0.026052104208416835,0
FINANCIAL & BANKING,in Building,NEW,SMARTLINK,PROPOSAL,0.01,0.05454545454545454,0.018823529411764704,0.044088176352705406,5
MANUFAKTUR,in Building,NEW,SMARTLINK,LOST ,0.01,0.03636363636363636,0.018823529411764704,0.03406813627254509,0
FINANCIAL & BANKING,in Building,NEW,SMARTLINK,ACTIVE,0.0,0.01818181818181818,0.0,0.008016032064128256,5
RETAIL CONSUMER GOODS,in Building,NEW,SMARTLINK,NEGOTIATION,0.0025,0.02727272727272727,0.007647058823529411,0.019539078156312627,5
HOREKA JKT,in Building,NEW,SMARTLINK,PO WON,0.01,0.02727272727272727,0.029411764705882353,0.038076152304609215,5
EDUCATION,Greenfield,NEW,INFYLINK MIX,ACTIVE,0.01,0.05454545454545454,0.11176470588235293,0.12324649298597193,1
EDUCATION,Greenfield,NEW,SMARTLINK,LOST ,0.0,0.2727272727272727,1.0,0.9999999999999999,3
MANUFAKTUR,in Building,NEW,SMARTLINK,LOST ,0.0,0.10909090909090909,0.0013529411764705882,0.059268537074148295,0
ISP & ICT,in Building,NEW,INFYLINK MIX,ACTIVE,0.003,0.0,0.03529411764705882,0.028056112224448898,5
OTOMOTIF,in Building,NEW,INFYLINK MIX,DISSENGGAGED,0.004,0.05454545454545454,0.047058823529411764,0.06813627254509018,3
ISP & ICT,in Building,NEW,SMARTLINK,LOST ,0.0025,0.02727272727272727,0.008823529411764706,0.020541082164328657,5
ISP & ICT,in Building,NEW,SMARTLINK,ACTIVE,0.0,0.0,0.003529411764705882,0.0010020040080160322,5
MANUFAKTUR,in Building,NEW,INFYLINK MIX,ACTIVE,0.001,0.05454545454545454,0.029411764705882353,0.0531062124248497,0
FINANCIAL & BANKING,in Building,NEW,SMARTLINK,LOST ,0.01,0.02727272727272727,0.015294117647058823,0.026052104208416835,0
RETAIL CONSUMER GOODS,in Building,NEW,SMARTLINK,LOST ,0.0005,0.03636363636363636,0.023529411764705882,0.038076152304609215,0
MANUFAKTUR,in Building,EXISTING,INFYLINK MIX,ACTIVE,0.01,0.08181818181818182,0.1764705882352941,0.1933867735470942,3
MANUFAKTUR,in Building,NEW,SMARTLINK,LOST ,0.01,0.02727272727272727,0.018823529411764704,0.02905811623246493,0
EDUCATION,in Building,NEW,SMARTLINK,LOST ,0.01,0.02727272727272727,0.029411764705882353,0.038076152304609215,0
EDUCATION,Greenfield,NEW,INFYLINK MIX,LOST ,0.01,0.05454545454545454,0.11764705882352941,0.1282565130260521,1
RETAIL CONSUMER GOODS,in Building,NEW,SMARTLINK,DISSENGGAGED,0.005,0.02727272727272727,0.010588235294117647,0.022044088176352707,5
FINANCIAL & BANKING,in Building,NEW,SMARTLINK,LOST ,0.001,0.045454545454545456,0.029411764705882353,0.04809619238476954,0
MANUFAKTUR,in Building,NEW,SMARTLINK,DISSENGGAGED,0.01,0.05454545454545454,0.015294117647058823,0.041082164328657314,0
EDUCATION,Greenfield,NEW,SMARTLINK,NEGOTIATION,0.01,0.02727272727272727,0.018823529411764704,0.02905811623246493,4
ISP & ICT,in Building,NEW,SMARTLINK,LOST ,0.001,0.045454545454545456,0.029411764705882353,0.04809619238476954,0
EDUCATION,in Building,NEW,SMARTLINK,LOST ,0.01,0.01818181818181818,0.015294117647058823,0.021042084168336674,0
RETAIL CONSUMER GOODS,in Building,NEW,INFYLINK MIX,LOST ,0.003,0.02727272727272727,0.04470588235294117,0.05110220440881763,3
FINANCIAL & BANKING,in Building,NEW,SMARTLINK,LOST ,0.001,0.02727272727272727,0.010588235294117647,0.022044088176352707,0
RETAIL CONSUMER GOODS,in Building,NEW,SMARTLINK,LOST ,0.001,0.07272727272727272,0.03529411764705882,0.06813627254509018,0
EDUCATION,Greenfield,NEW,SMARTLINK,LOST ,0.005,0.05454545454545454,0.052941176470588235,0.07314629258517033,4
MANUFAKTUR,in Building,NEW,SMARTLINK,LOST ,0.025,0.05454545454545454,0.029411764705882353,0.0531062124248497,0
ISP & ICT,in Building,NEW,SMARTLINK,LOST ,0.007500000000000001,0.045454545454545456,0.021176470588235293,0.041082164328657314,0
EDUCATION,Greenfield,NEW,INFYLINK MIX,PO WON,0.01,0.03636363636363636,0.11176470588235293,0.11322645290581163,1
RETAIL CONSUMER GOODS,Greenfield,NEW,INFYLINK MIX,PROPOSAL,0.01,0.05454545454545454,0.11764705882352941,0.1282565130260521,1
ISP & ICT,in Building,NEW,SMARTLINK,PROPOSAL,0.01,0.02727272727272727,0.029411764705882353,0.038076152304609215,5
HOREKA JKT,in Building,NEW,SMARTLINK,ACTIVE,0.01,0.02727272727272727,0.09999999999999999,0.09819639278557114,0
EDUCATION,Greenfield,NEW,INFYLINK MIX,DISSENGGAGED,0.01,0.05454545454545454,0.08235294117647059,0.09819639278557114,1
EDUCATION,Greenfield,NEW,SMARTLINK,LOST ,0.01,0.01818181818181818,0.015294117647058823,0.021042084168336674,4
EDUCATION,in Building,NEW,SMARTLINK,LOST ,0.05,0.02727272727272727,0.09999999999999999,0.09819639278557114,0
HEALTH FACILITY,in Building,NEW,SMARTLINK,DISSENGGAGED,0.01,0.05454545454545454,0.09411764705882353,0.10821643286573146,0
OTHERS,in Building,NEW,SMARTLINK,NEGOTIATION,0.015000000000000001,0.01818181818181818,0.01764705882352941,0.02304609218436874,5
EDUCATION,Greenfield,NEW,INFYLINK MIX,LOST ,0.0015,0.07272727272727272,0.047058823529411764,0.0781563126252505,4
EDUCATION,Greenfield,NEW,SMARTLINK,LOST ,0.01,0.01818181818181818,0.015294117647058823,0.021042084168336674,4
MANUFAKTUR,in Building,NEW,SMARTLINK,LOST ,0.004,0.06363636363636363,0.06470588235294117,0.08817635270541081,0
OTOMOTIF,in Building,NEW,SMARTLINK,LOST ,0.0025,0.02727272727272727,0.010588235294117647,0.022044088176352707,0
FINANCIAL & BANKING,in Building,NEW,SMARTLINK,PROPOSAL,0.005,0.02727272727272727,0.010588235294117647,0.022044088176352707,5
ISP & ICT,in Building,EXISTING,SMARTLINK,PROPOSAL,0.02,0.0,0.29411764705882354,0.24849699398797592,3
MANUFAKTUR,in Building,NEW,SMARTLINK,PO WON,0.01,0.02727272727272727,0.015294117647058823,0.026052104208416835,0
EDUCATION,Greenfield,NEW,SMARTLINK,LOST ,0.01,0.02727272727272727,0.015294117647058823,0.026052104208416835,4
EDUCATION,Greenfield,NEW,SMARTLINK,PROPOSAL,0.005,0.02727272727272727,0.010588235294117647,0.022044088176352707,1
EDUCATION,Greenfield,NEW,INFYLINK MIX,PROPOSAL,0.01,0.05454545454545454,0.07058823529411765,0.08817635270541081,1
MANUFAKTUR,Greenfield,NEW,SMARTLINK,LOST ,0.01,0.07272727272727272,0.09411764705882353,0.11823647294589178,0
EDUCATION,Greenfield,NEW,INFYLINK MIX,LOST ,0.18000000000000002,0.2727272727272727,0.9411764705882353,0.9498997995991983,3
EDUCATION,Greenfield,NEW,INFYLINK MIX,PROPOSAL,0.01,0.05454545454545454,0.08235294117647059,0.09819639278557114,1
MANUFAKTUR,in Building,NEW,SMARTLINK,NEGOTIATION,0.01,0.02727272727272727,0.011764705882352941,0.02304609218436874,0
HEALTH FACILITY,Greenfield,NEW,SMARTLINK,PROPOSAL,0.01,0.02727272727272727,0.015294117647058823,0.026052104208416835,5
HEALTH FACILITY,Greenfield,NEW,INFYLINK MIX,DISSENGGAGED,0.003,0.07272727272727272,0.058823529411764705,0.08817635270541081,1
MANUFAKTUR,Greenfield,NEW,INFYLINK MIX,LOST ,0.002,0.07272727272727272,0.047058823529411764,0.0781563126252505,4
HEALTH FACILITY,Greenfield,NEW,SMARTLINK,LOST ,0.0025,0.02727272727272727,0.010588235294117647,0.022044088176352707,0
MANUFAKTUR,in Building,NEW,SMARTLINK,PROPOSAL,0.01,0.02727272727272727,0.015294117647058823,0.026052104208416835,5
EDUCATION,in Building,NEW,SMARTLINK,LOST ,0.015000000000000001,0.02727272727272727,0.01764705882352941,0.028056112224448898,0
EDUCATION,in Building,NEW,SMARTLINK,LOST ,0.015000000000000001,0.02727272727272727,0.01764705882352941,0.028056112224448898,0
RETAIL CONSUMER GOODS,in Building,NEW,SMARTLINK,ACTIVE,0.0025,0.02727272727272727,0.010588235294117647,0.022044088176352707,5
ISP & ICT,in Building,EXISTING,INFYLINK MIX,PROPOSAL,0.030000000000000002,0.0,0.08823529411764705,0.07314629258517033,5
FINANCIAL & BANKING,in Building,NEW,SMARTLINK,ACTIVE,0.005,0.02727272727272727,0.007058823529411764,0.01903807615230461,5
EDUCATION,Greenfield,NEW,INFYLINK MIX,NEGOTIATION,0.02,0.05454545454545454,0.12352941176470587,0.13326653306613226,1
HOREKA JKT,in Building,NEW,SMARTLINK,LOST ,0.015000000000000001,0.02727272727272727,0.007058823529411764,0.01903807615230461,0
HOREKA JKT,in Building,NEW,SMARTLINK,ACTIVE,0.0025,0.02727272727272727,0.011764705882352941,0.02304609218436874,5
ISP & ICT,Greenfield,NEW,INFYLINK MIX,PROPOSAL,0.01,0.05454545454545454,0.08823529411764705,0.1032064128256513,1
EDUCATION,Greenfield,NEW,INFYLINK MIX,NEGOTIATION,0.04,0.02727272727272727,0.18823529411764706,0.17334669338677355,1
EDUCATION,Greenfield,NEW,INFYLINK MIX,PROPOSAL,0.005,0.05454545454545454,0.047058823529411764,0.06813627254509018,1
MANUFAKTUR,in Building,NEW,INFYLINK MIX,NEGOTIATION,0.01,0.05454545454545454,0.11764705882352941,0.1282565130260521,3
MANUFAKTUR,in Building,NEW,INFYLINK MIX,NEGOTIATION,0.01,0.02727272727272727,0.07647058823529411,0.0781563126252505,3
MANUFAKTUR,in Building,NEW,INFYLINK MIX,PO WON,0.01,0.02727272727272727,0.07647058823529411,0.0781563126252505,0
FINANCIAL & BANKING,Greenfield,NEW,SMARTLINK,PO WON,0.015000000000000001,0.05454545454545454,0.023529411764705882,0.04809619238476954,0
EDUCATION,Greenfield,NEW,SMARTLINK,PROPOSAL,0.01,0.02727272727272727,0.015294117647058823,0.026052104208416835,1
EDUCATION,Greenfield,NEW,INFYLINK MIX,PROPOSAL,0.01,0.05454545454545454,0.08235294117647059,0.09819639278557114,1
HEALTH FACILITY,Greenfield,NEW,SMARTLINK,PROPOSAL,0.01,0.02727272727272727,0.015294117647058823,0.026052104208416835,5
MANUFAKTUR,Greenfield,NEW,SMARTLINK,PROPOSAL,0.015000000000000001,0.02727272727272727,0.023529411764705882,0.033066132264529056,5
EDUCATION,Greenfield,NEW,INFYLINK MIX,PROPOSAL,0.005,0.03636363636363636,0.047058823529411764,0.058116232464929855,1
EDUCATION,Greenfield,NEW,INFYLINK MIX,PROPOSAL,0.1,0.05454545454545454,0.32941176470588235,0.30861723446893785,1
RETAIL CONSUMER GOODS,in Building,NEW,SMARTLINK,PROPOSAL,0.005,0.02727272727272727,0.010588235294117647,0.022044088176352707,5
EDUCATION,Greenfield,NEW,INFYLINK MIX,PROPOSAL,0.01,0.05454545454545454,0.11764705882352941,0.1282565130260521,1
EDUCATION,Greenfield,NEW,INFYLINK MIX,PROPOSAL,0.01,0.045454545454545456,0.08235294117647059,0.09318637274549098,1
EDUCATION,Greenfield,NEW,SMARTLINK,PROPOSAL,0.030000000000000002,0.05454545454545454,0.19999999999999998,0.19839679358717435,1
HEALTH FACILITY,Greenfield,NEW,SMARTLINK,NEGOTIATION,0.01,0.02727272727272727,0.029411764705882353,0.038076152304609215,5
EDUCATION,Greenfield,NEW,SMARTLINK,PROPOSAL,0.01,0.02727272727272727,0.027058823529411764,0.03607214428857715,1
RETAIL CONSUMER GOODS,in Building,NEW,SMARTLINK,PROPOSAL,0.01,0.01818181818181818,0.011764705882352941,0.018036072144288578,5
HEALTH FACILITY,Greenfield,NEW,SMARTLINK,PROPOSAL,0.01,0.02727272727272727,0.018823529411764704,0.02905811623246493,5
ISP & ICT,in Building,NEW,SMARTLINK,PO WON,0.005,0.02727272727272727,0.007058823529411764,0.01903807615230461,5
MANUFAKTUR,in Building,NEW,SMARTLINK,PROPOSAL,0.01,0.12727272727272726,0.023529411764705882,0.08817635270541081,0
EDUCATION,Greenfield,NEW,SMARTLINK,PROPOSAL,0.01,0.02727272727272727,0.018823529411764704,0.02905811623246493,1
RETAIL CONSUMER GOODS,in Building,NEW,SMARTLINK,PROPOSAL,0.01,0.03636363636363636,0.018823529411764704,0.03406813627254509,5
EDUCATION,Greenfield,NEW,INFYLINK MIX,PROPOSAL,0.01,0.03636363636363636,0.018823529411764704,0.03406813627254509,1
EDUCATION,Greenfield,NEW,INFYLINK MIX,PROPOSAL,0.005,0.05454545454545454,0.1764705882352941,0.1783567134268537,1
EDUCATION,Greenfield,NEW,INFYLINK MIX,PROPOSAL,0.05,0.07272727272727272,0.18823529411764706,0.19839679358717435,1
EDUCATION,Greenfield,NEW,INFYLINK MIX,NEGOTIATION,0.030000000000000002,0.05454545454545454,0.1411764705882353,0.14829659318637273,1
HEALTH FACILITY,in Building,NEW,SMARTLINK,PROPOSAL,0.01,0.03636363636363636,0.027058823529411764,0.041082164328657314,5
EDUCATION,Greenfield,NEW,SMARTLINK,PROPOSAL,0.01,0.03636363636363636,0.027058823529411764,0.041082164328657314,1
EDUCATION,Greenfield,NEW,INFYLINK MIX,PROPOSAL,0.005,0.03636363636363636,0.047058823529411764,0.058116232464929855,1
RETAIL CONSUMER GOODS,in Building,NEW,SMARTLINK,LOST ,0.005,0.045454545454545456,0.07176470588235294,0.0841683366733467,0
EDUCATION,in Building,NEW,INFYLINK MIX,PROPOSAL,0.005,0.05454545454545454,0.1588235294117647,0.16332665330661322,1
RETAIL CONSUMER GOODS,Greenfield,NEW,SMARTLINK,PROPOSAL,0.01,0.03636363636363636,0.027058823529411764,0.041082164328657314,5
ISP & ICT,in Building,NEW,SMARTLINK,NEGOTIATION,0.005,0.02727272727272727,0.010588235294117647,0.022044088176352707,5
EDUCATION,Greenfield,NEW,INFYLINK MIX,NEGOTIATION,0.01,0.05454545454545454,0.24705882352941175,0.23847695390781562,1
EDUCATION,Greenfield,NEW,INFYLINK MIX,NEGOTIATION,0.01,0.05454545454545454,0.15294117647058822,0.15831663326653306,1
HOREKA JKT,Greenfield,NEW,INFYLINK MIX,LOST ,0.01,0.05454545454545454,0.07647058823529411,0.09318637274549098,4
FINANCIAL & BANKING,in Building,NEW,INFINYLINK,NEGOTIATION,0.005,0.05454545454545454,0.06470588235294117,0.08316633266533066,2
EDUCATION,Greenfield,NEW,SMARTLINK,PROPOSAL,0.01,0.02727272727272727,0.018823529411764704,0.02905811623246493,1
RETAIL CONSUMER GOODS,Greenfield,NEW,SMARTLINK,NEGOTIATION,0.01,0.02727272727272727,0.018823529411764704,0.02905811623246493,5
EDUCATION,Greenfield,NEW,INFYLINK MIX,PROPOSAL,0.01,0.05454545454545454,0.027058823529411764,0.05110220440881763,1
ISP & ICT,in Building,NEW,SMARTLINK,LOST ,0.01,0.03636363636363636,0.011764705882352941,0.028056112224448898,5
ISP & ICT,in Building,NEW,INFYLINK MIX,NEGOTIATION,0.030000000000000002,0.0,0.058823529411764705,0.04809619238476954,3
FINANCIAL & BANKING,in Building,NEW,SMARTLINK,DISSENGGAGED,0.025,0.03636363636363636,0.052941176470588235,0.06312625250501001,0
RETAIL CONSUMER GOODS,in Building,NEW,INFINYLINK,PROPOSAL,0.005,0.07272727272727272,0.041176470588235294,0.07314629258517033,2
EDUCATION,Greenfield,NEW,INFYLINK MIX,NEGOTIATION,0.01,0.05454545454545454,0.15294117647058822,0.15831663326653306,1
EDUCATION,Greenfield,NEW,INFYLINK MIX,NEGOTIATION,0.01,0.05454545454545454,0.15294117647058822,0.15831663326653306,1
EDUCATION,in Building,NEW,SMARTLINK,ACTIVE,0.015000000000000001,0.03636363636363636,0.015294117647058823,0.031062124248496994,5
MANUFAKTUR,in Building,NEW,SMARTLINK,ACTIVE,0.005,0.03272727272727273,0.01588235294117647,0.029559118236472944,0
MANUFAKTUR,in Building,NEW,SMARTLINK,ACTIVE,0.01,0.02727272727272727,0.015294117647058823,0.026052104208416835,0
HEALTH FACILITY,in Building,NEW,SMARTLINK,PROPOSAL,0.005,0.03636363636363636,0.010588235294117647,0.027054108216432865,5
FINANCIAL & BANKING,Greenfield,NEW,INFYLINK MIX,NEGOTIATION,0.001,0.05454545454545454,0.03529411764705882,0.058116232464929855,1
FINANCIAL & BANKING,in Building,NEW,SMARTLINK,PROPOSAL,0.01,0.05454545454545454,0.027058823529411764,0.05110220440881763,5
FINANCIAL & BANKING,in Building,NEW,SMARTLINK,ACTIVE,0.007500000000000001,0.0,0.012941176470588235,0.009018036072144289,5
RETAIL CONSUMER GOODS,in Building,NEW,SMARTLINK,LOST ,0.01,0.03090909090909091,0.015294117647058823,0.028056112224448898,0
OTOMOTIF,in Building,NEW,INFYLINK MIX,PROPOSAL,0.01,0.07272727272727272,0.11764705882352941,0.13827655310621242,3
ISP & ICT,in Building,NEW,INFINYLINK,PROPOSAL,0.01,0.07272727272727272,0.07647058823529411,0.1032064128256513,2
FINANCIAL & BANKING,in Building,NEW,INFYLINK MIX,PROPOSAL,0.002,0.05454545454545454,0.047058823529411764,0.06813627254509018,2
FINANCIAL & BANKING,in Building,NEW,SMARTLINK,PROPOSAL,0.01,0.05454545454545454,0.018823529411764704,0.044088176352705406,5
EDUCATION,in Building,NEW,SMARTLINK,PO CANCELLED,0.01,0.02727272727272727,0.0,0.013026052104208416,5
FINANCIAL & BANKING,in Building,NEW,SMARTLINK,PROPOSAL,0.01,0.045454545454545456,0.027058823529411764,0.04609218436873747,5
EDUCATION,in Building,NEW,INFYLINK MIX,LOST ,0.001,0.01818181818181818,0.011764705882352941,0.018036072144288578,0
EDUCATION,Greenfield,NEW,INFYLINK MIX,PROPOSAL,0.01,0.07272727272727272,0.058823529411764705,0.08817635270541081,1
HEALTH FACILITY,Greenfield,NEW,INFYLINK MIX,PROPOSAL,0.01,0.05454545454545454,0.027058823529411764,0.05110220440881763,1
EDUCATION,in Building,NEW,SMARTLINK,PO WON,0.01,0.02727272727272727,0.0,0.013026052104208416,5
RETAIL CONSUMER GOODS,in Building,EXISTING,SMARTLINK,LOST ,0.025,0.045454545454545456,0.07647058823529411,0.08817635270541081,0
RETAIL CONSUMER GOODS,in Building,NEW,INFINYLINK,LOST ,0.001,0.05454545454545454,0.07647058823529411,0.09318637274549098,4
RETAIL CONSUMER GOODS,in Building,NEW,INFINYLINK,PROPOSAL,0.005,0.07272727272727272,0.041176470588235294,0.07314629258517033,2
HOREKA JKT,in Building,NEW,SMARTLINK,DISSENGGAGED,0.025,0.03636363636363636,0.052941176470588235,0.06312625250501001,0
EDUCATION,Greenfield,NEW,INFYLINK MIX,PROPOSAL,0.01,0.05454545454545454,0.08235294117647059,0.09819639278557114,1
MANUFAKTUR,in Building,NEW,SMARTLINK,LOST ,0.005,0.03090909090909091,0.010588235294117647,0.02404809619238477,0
MANUFAKTUR,in Building,NEW,SMARTLINK,PROPOSAL,0.01,0.07272727272727272,0.03294117647058823,0.06613226452905811,0
EDUCATION,Greenfield,NEW,INFYLINK MIX,PROPOSAL,0.003,0.05454545454545454,0.041176470588235294,0.06312625250501001,1
FINANCIAL & BANKING,in Building,NEW,SMARTLINK,PROPOSAL,0.01,0.05454545454545454,0.018823529411764704,0.044088176352705406,5
ISP & ICT,in Building,NEW,INFINYLINK,LOST ,0.001,0.05454545454545454,0.07647058823529411,0.09318637274549098,4
EDUCATION,in Building,NEW,SMARTLINK,DISSENGGAGED,0.01,0.03636363636363636,0.011764705882352941,0.028056112224448898,5
OTOMOTIF,in Building,NEW,SMARTLINK,PROPOSAL,0.005,0.01818181818181818,0.010588235294117647,0.017034068136272545,5
HEALTH FACILITY,Greenfield,NEW,SMARTLINK,LOST ,0.015000000000000001,0.05454545454545454,0.023529411764705882,0.04809619238476954,0
HEALTH FACILITY,Greenfield,NEW,SMARTLINK,PROPOSAL,0.005,0.02727272727272727,0.011764705882352941,0.02304609218436874,5
FINANCIAL & BANKING,in Building,NEW,INFYLINK MIX,PROPOSAL,0.01,0.03636363636363636,0.08235294117647059,0.08817635270541081,2
EDUCATION,in Building,NEW,INFYLINK MIX,PROPOSAL,0.015000000000000001,0.05454545454545454,0.15294117647058822,0.15831663326653306,1
RETAIL CONSUMER GOODS,in Building,NEW,SMARTLINK,LOST ,0.005,0.045454545454545456,0.010588235294117647,0.03206412825651302,0
EDUCATION,in Building,NEW,SMARTLINK,PROPOSAL,0.005,0.02727272727272727,0.010588235294117647,0.022044088176352707,5
EDUCATION,in Building,NEW,SMARTLINK,LOST ,0.0025,0.02727272727272727,0.008823529411764706,0.020541082164328657,0
FINANCIAL & BANKING,in Building,NEW,SMARTLINK,PROPOSAL,0.01,0.02727272727272727,0.018823529411764704,0.02905811623246493,5
HEALTH FACILITY,in Building,NEW,SMARTLINK,LOST ,0.01,0.03636363636363636,0.029411764705882353,0.04308617234468937,0
MANUFAKTUR,in Building,NEW,SMARTLINK,DISSENGGAGED,0.005,0.03636363636363636,0.0058823529411764705,0.02304609218436874,0
OTHERS,in Building,NEW,SMARTLINK,LOST ,0.025,0.02727272727272727,0.047058823529411764,0.0531062124248497,0
HEALTH FACILITY,in Building,NEW,SMARTLINK,ACTIVE,0.01,0.03636363636363636,0.023529411764705882,0.038076152304609215,5
OTHERS,in Building,NEW,INFINYLINK,ACTIVE,0.002,0.08181818181818182,0.03764705882352941,0.0751503006012024,2
OTHERS,in Building,NEW,SMARTLINK,LOST ,0.005,0.03090909090909091,0.010588235294117647,0.02404809619238477,0
FINANCIAL & BANKING,in Building,NEW,SMARTLINK,PROPOSAL,0.01,0.03636363636363636,0.018823529411764704,0.03406813627254509,5
FINANCIAL & BANKING,in Building,NEW,SMARTLINK,PO WON,0.01,0.03636363636363636,0.01764705882352941,0.033066132264529056,5
FINANCIAL & BANKING,in Building,NEW,SMARTLINK,PO WON,0.015000000000000001,0.03636363636363636,0.01764705882352941,0.033066132264529056,5
EDUCATION,Greenfield,NEW,INFYLINK MIX,PROPOSAL,0.01,0.03636363636363636,0.07647058823529411,0.08316633266533066,1
OTHERS,in Building,NEW,SMARTLINK,LOST ,0.0025,0.02727272727272727,0.010588235294117647,0.022044088176352707,0
OTHERS,in Building,NEW,SMARTLINK,NEGOTIATION,0.005,0.03636363636363636,0.007058823529411764,0.02404809619238477,5
RETAIL CONSUMER GOODS,in Building,NEW,SMARTLINK,PROPOSAL,0.01,0.045454545454545456,0.018823529411764704,0.03907815631262525,5
EDUCATION,Greenfield,NEW,INFYLINK MIX,PROPOSAL,0.1,0.05454545454545454,0.2588235294117647,0.24849699398797592,1
EDUCATION,Greenfield,NEW,SMARTLINK,PROPOSAL,0.05,0.03636363636363636,0.07647058823529411,0.08316633266533066,1
MANUFAKTUR,Greenfield,NEW,SMARTLINK,NEGOTIATION,0.0025,0.05454545454545454,0.007647058823529411,0.034569138276553106,0
ISP & ICT,in Building,NEW,SMARTLINK,PO WON,0.005,0.03636363636363636,0.010588235294117647,0.027054108216432865,5
OTHERS,in Building,NEW,INFINYLINK,LOST ,0.001,0.05454545454545454,0.07647058823529411,0.09318637274549098,4
MANUFAKTUR,Greenfield,NEW,LOCALLOOP,NEGOTIATION,0.01,0.06363636363636363,0.11764705882352941,0.13326653306613226,3
EDUCATION,Greenfield,NEW,INFYLINK MIX,PROPOSAL,0.01,0.05454545454545454,0.07647058823529411,0.09318637274549098,1
MANUFAKTUR,Greenfield,NEW,INFYLINK MIX,PROPOSAL,0.005,0.05454545454545454,0.08235294117647059,0.09819639278557114,1
ISP & ICT,in Building,NEW,BOD,PROPOSAL,0.01,0.18181818181818182,0.0,0.09819639278557114,5
MANUFAKTUR,in Building,NEW,SMARTLINK,NEGOTIATION,0.005,0.01818181818181818,0.011764705882352941,0.018036072144288578,0
MANUFAKTUR,in Building,NEW,SMARTLINK,NEGOTIATION,0.01,0.01818181818181818,0.011764705882352941,0.018036072144288578,0
EDUCATION,Greenfield,NEW,SMARTLINK,PROPOSAL,0.01,0.05454545454545454,0.015294117647058823,0.041082164328657314,1
FINANCIAL & BANKING,in Building,NEW,SMARTLINK,PROPOSAL,0.005,0.02727272727272727,0.010588235294117647,0.022044088176352707,5
MANUFAKTUR,in Building,NEW,SMARTLINK,PROPOSAL,0.01,0.02727272727272727,0.015294117647058823,0.026052104208416835,5
RETAIL CONSUMER GOODS,Greenfield,NEW,INFYLINK MIX,PROPOSAL,0.003,0.05454545454545454,0.047058823529411764,0.06813627254509018,1
ISP & ICT,in Building,NEW,DATA CENTER,NEGOTIATION,0.0001,0.01818181818181818,0.023529411764705882,0.028056112224448898,5
MANUFAKTUR,in Building,NEW,INFYLINK MIX,PO WON,0.030000000000000002,0.03636363636363636,0.1411764705882353,0.13827655310621242,3
ISP & ICT,Greenfield,NEW,INFYLINK MIX,PROPOSAL,0.005,0.03636363636363636,0.07058823529411765,0.0781563126252505,1
OTHERS,in Building,NEW,INFINYLINK,LOST ,0.002,0.05454545454545454,0.09999999999999999,0.11322645290581163,4
RETAIL CONSUMER GOODS,in Building,NEW,SMARTLINK,PROPOSAL,0.01,0.02727272727272727,0.015294117647058823,0.026052104208416835,5
ISP & ICT,in Building,NEW,SMARTLINK,PROPOSAL,0.01,0.02727272727272727,0.015294117647058823,0.026052104208416835,5
EDUCATION,Greenfield,NEW,CCTV,NEGOTIATION,0.0,0.7090909090909091,0.0,0.38877755511022044,3
EDUCATION,in Building,EXISTING,SMARTLINK,ACTIVE,0.1,0.0,0.023529411764705882,0.018036072144288578,5
FINANCIAL & BANKING,in Building,NEW,INFYLINK MIX,NEGOTIATION,0.001,0.05454545454545454,0.03529411764705882,0.058116232464929855,3
MANUFAKTUR,in Building,NEW,DATA CENTER,PROPOSAL,0.01,0.03636363636363636,0.11764705882352941,0.11823647294589178,2
MANUFAKTUR,in Building,NEW,SMARTLINK,PROPOSAL,0.005,0.02727272727272727,0.010588235294117647,0.022044088176352707,5
MANUFAKTUR,in Building,NEW,SMARTLINK,PROPOSAL,0.01,0.02727272727272727,0.015294117647058823,0.026052104208416835,5
MANUFAKTUR,in Building,NEW,INFYLINK MIX,PROPOSAL,0.01,0.02727272727272727,0.07647058823529411,0.0781563126252505,2
ISP & ICT,in Building,NEW,LOCAL LOOP,NEGOTIATION,0.005,0.03636363636363636,0.03529411764705882,0.04809619238476954,5
OTHERS,in Building,NEW,SMARTLINK,PROPOSAL,0.01,0.03636363636363636,0.018823529411764704,0.03406813627254509,5
ISP & ICT,in Building,EXISTING,SMARTLINK,NEGOTIATION,0.007500000000000001,0.0,0.012941176470588235,0.009018036072144289,5
OTHERS,in Building,NEW,SMARTLINK,PROPOSAL,0.01,0.02727272727272727,0.023529411764705882,0.033066132264529056,5
ISP & ICT,in Building,NEW,LOCAL LOOP,PROPOSAL,0.02,0.09090909090909091,0.11764705882352941,0.14829659318637273,5
OTHERS,Greenfield,NEW,INFYLINK MIX,PROPOSAL,0.015000000000000001,0.05454545454545454,0.1411764705882353,0.14829659318637273,1
ISP & ICT,in Building,NEW,LOCAL LOOP,PROPOSAL,0.02,0.09090909090909091,0.11764705882352941,0.14829659318637273,5
FINANCIAL & BANKING,in Building,NEW,DATA CENTER,PO WON,0.01,0.05454545454545454,0.1411764705882353,0.14829659318637273,2
FINANCIAL & BANKING,in Building,NEW,DATA CENTER,NEGOTIATION,0.01,0.05454545454545454,0.1411764705882353,0.14829659318637273,3
EDUCATION,Greenfield,NEW,INFYLINK MIX,LOST ,0.01,0.07272727272727272,0.11764705882352941,0.13827655310621242,1
HOREKA JKT,in Building,NEW,INFINYLINK,NEGOTIATION,0.01,0.05454545454545454,0.08,0.09619238476953908,2
ISP & ICT,in Building,NEW,LOCAL LOOP,NEGOTIATION,0.005,0.045454545454545456,0.03529411764705882,0.0531062124248497,5
RETAIL CONSUMER GOODS,in Building,NEW,INFINYLINK,PROPOSAL,0.001,0.08181818181818182,0.029411764705882353,0.06813627254509018,2
RETAIL CONSUMER GOODS,in Building,NEW,SMARTLINK,PROPOSAL,0.01,0.02727272727272727,0.015294117647058823,0.026052104208416835,5
ISP & ICT,in Building,EXISTING,SMARTLINK,PO WON,0.007500000000000001,0.0,0.002352941176470588,0.0,5
RETAIL CONSUMER GOODS,in Building,NEW,SMARTLINK,LOST ,0.0025,0.03636363636363636,0.011764705882352941,0.028056112224448898,0
OTHERS,in Building,NEW,INFINYLINK,LOST ,0.005,0.06363636363636363,0.052941176470588235,0.0781563126252505,2
OTHERS,in Building,NEW,SMARTLINK,LOST ,0.005,0.03636363636363636,0.007058823529411764,0.02404809619238477,0
ISP & ICT,in Building,EXISTING,INFYLINK MIX,NEGOTIATION,0.0006000000000000001,0.02727272727272727,0.029411764705882353,0.038076152304609215,5
EDUCATION,in Building,NEW,SMARTLINK,PROPOSAL,0.01,0.045454545454545456,0.029411764705882353,0.04809619238476954,5
EDUCATION,in Building,NEW,SMARTLINK,PROPOSAL,0.01,0.045454545454545456,0.029411764705882353,0.04809619238476954,5
ISP & ICT,in Building,EXISTING,SMARTLINK,PO WON,0.01,0.0,0.002352941176470588,0.0,5
ISP & ICT,in Building,NEW,INFYLINK MIX,PO WON,0.02,0.01818181818181818,0.1764705882352941,0.15831663326653306,3
OTHERS,in Building,NEW,SMARTLINK,LOST ,0.01,0.03090909090909091,0.015294117647058823,0.028056112224448898,0
FINANCIAL & BANKING,in Building,NEW,SMARTLINK,PROPOSAL,0.01,0.02727272727272727,0.018823529411764704,0.02905811623246493,5
OTOMOTIF,in Building,NEW,SMARTLINK,PROPOSAL,0.01,0.045454545454545456,0.030588235294117645,0.049098196392785565,5
EDUCATION,in Building,NEW,SMARTLINK,PROPOSAL,0.01,0.02727272727272727,0.023529411764705882,0.033066132264529056,5
HEALTH FACILITY,Greenfield,NEW,INFYLINK MIX,PROPOSAL,0.1,0.0,0.5882352941176471,0.4989979959919839,3
HEALTH FACILITY,Greenfield,NEW,INFYLINK MIX,PROPOSAL,0.05,0.0,0.23529411764705882,0.19839679358717435,1
FINANCIAL & BANKING,in Building,NEW,DATA CENTER,PO WON,0.005,0.05454545454545454,0.07058823529411765,0.08817635270541081,2
FINANCIAL & BANKING,in Building,NEW,DATA CENTER,PO WON,0.0001,0.02727272727272727,0.01764705882352941,0.028056112224448898,2
RETAIL CONSUMER GOODS,in Building,NEW,SMARTLINK,LOST ,0.01,0.03636363636363636,0.015294117647058823,0.031062124248496994,0
RETAIL CONSUMER GOODS,in Building,NEW,SMARTLINK,LOST ,0.005,0.03090909090909091,0.010588235294117647,0.02404809619238477,0
HEALTH FACILITY,in Building,NEW,SMARTLINK,PROPOSAL,0.01,0.02727272727272727,0.023529411764705882,0.033066132264529056,5
FINANCIAL & BANKING,in Building,NEW,INFINYLINK,PROPOSAL,0.01,0.07272727272727272,0.07647058823529411,0.1032064128256513,2
RETAIL CONSUMER GOODS,in Building,NEW,SMARTLINK,PROPOSAL,0.005,0.02727272727272727,0.010588235294117647,0.022044088176352707,5
HEALTH FACILITY,Greenfield,NEW,SMARTLINK,PROPOSAL,0.01,0.02727272727272727,0.018823529411764704,0.02905811623246493,5
EDUCATION,in Building,NEW,INFYLINK MIX,PROPOSAL,0.005,0.045454545454545456,0.058823529411764705,0.07314629258517033,1
RETAIL CONSUMER GOODS,in Building,NEW,SMARTLINK,PROPOSAL,0.005,0.01818181818181818,0.014117647058823528,0.020040080160320644,5
EDUCATION,Greenfield,NEW,INFYLINK MIX,NEGOTIATION,0.01,0.02727272727272727,0.047058823529411764,0.0531062124248497,1
HEALTH FACILITY,in Building,NEW,INFYLINK MIX,NEGOTIATION,0.05,0.045454545454545456,0.19999999999999998,0.1933867735470942,3
OTHERS,in Building,NEW,SMARTLINK,LOST ,0.01,0.03090909090909091,0.015294117647058823,0.028056112224448898,0
EDUCATION,Greenfield,NEW,SMARTLINK,PROPOSAL,0.005,0.02727272727272727,0.010588235294117647,0.022044088176352707,1
OTHERS,in Building,NEW,INFYLINK MIX,PROPOSAL,0.002,0.05454545454545454,0.047058823529411764,0.06813627254509018,2
FINANCIAL & BANKING,in Building,NEW,SMARTLINK,LOST ,0.005,0.03090909090909091,0.010588235294117647,0.02404809619238477,0
MANUFAKTUR,in Building,NEW,SMARTLINK,LOST ,0.005,0.03090909090909091,0.010588235294117647,0.02404809619238477,0
RETAIL CONSUMER GOODS,in Building,NEW,SMARTLINK,LOST ,0.005,0.03090909090909091,0.010588235294117647,0.02404809619238477,0
RETAIL CONSUMER GOODS,in Building,NEW,SMARTLINK,LOST ,0.005,0.03090909090909091,0.010588235294117647,0.02404809619238477,0
FINANCIAL & BANKING,in Building,NEW,SMARTLINK,LOST ,0.005,0.03090909090909091,0.010588235294117647,0.02404809619238477,0
ISP & ICT,in Building,NEW,INFINYLINK,LOST ,0.005,0.045454545454545456,0.07176470588235294,0.0841683366733467,4
RETAIL CONSUMER GOODS,in Building,NEW,SMARTLINK,PROPOSAL,0.0025,0.03636363636363636,0.010588235294117647,0.027054108216432865,5
MANUFAKTUR,in Building,NEW,SMARTLINK,LOST ,0.0025,0.03090909090909091,0.007647058823529411,0.02154308617234469,0
FINANCIAL & BANKING,in Building,NEW,INFINYLINK,LOST ,0.01,0.045454545454545456,0.10705882352941176,0.11422845691382764,2
OTOMOTIF,in Building,NEW,INFINYLINK,LOST ,0.01,0.045454545454545456,0.10705882352941176,0.11422845691382764,4
RETAIL CONSUMER GOODS,in Building,NEW,INFINYLINK,LOST ,0.005,0.045454545454545456,0.07176470588235294,0.0841683366733467,4
FINANCIAL & BANKING,in Building,NEW,SMARTLINK,LOST ,0.005,0.03090909090909091,0.010588235294117647,0.02404809619238477,0
EDUCATION,in Building,NEW,INFINYLINK,LOST ,0.005,0.045454545454545456,0.07176470588235294,0.0841683366733467,4
MANUFAKTUR,in Building,NEW,SMARTLINK,LOST ,0.005,0.03090909090909091,0.010588235294117647,0.02404809619238477,0
MANUFAKTUR,in Building,NEW,SMARTLINK,LOST ,0.005,0.03090909090909091,0.010588235294117647,0.02404809619238477,0
FINANCIAL & BANKING,in Building,NEW,SMARTLINK,LOST ,0.005,0.03090909090909091,0.010588235294117647,0.02404809619238477,0
RETAIL CONSUMER GOODS,in Building,NEW,SMARTLINK,LOST ,0.005,0.03090909090909091,0.010588235294117647,0.02404809619238477,0
RETAIL CONSUMER GOODS,in Building,NEW,SMARTLINK,LOST ,0.005,0.03636363636363636,0.007058823529411764,0.02404809619238477,0
MANUFAKTUR,in Building,NEW,SMARTLINK,LOST ,0.005,0.03090909090909091,0.010588235294117647,0.02404809619238477,0
FINANCIAL & BANKING,in Building,NEW,SMARTLINK,LOST ,0.005,0.03090909090909091,0.010588235294117647,0.02404809619238477,0
MANUFAKTUR,in Building,NEW,SMARTLINK,LOST ,0.005,0.03090909090909091,0.010588235294117647,0.02404809619238477,0
FINANCIAL & BANKING,in Building,NEW,SMARTLINK,LOST ,0.005,0.03090909090909091,0.010588235294117647,0.02404809619238477,0
ISP & ICT,in Building,NEW,SMARTLINK,LOST ,0.015000000000000001,0.03090909090909091,0.023529411764705882,0.03507014028056112,5
MANUFAKTUR,in Building,NEW,SMARTLINK,LOST ,0.005,0.03090909090909091,0.010588235294117647,0.02404809619238477,0
FINANCIAL & BANKING,in Building,NEW,SMARTLINK,LOST ,0.005,0.03090909090909091,0.010588235294117647,0.02404809619238477,0
MANUFAKTUR,in Building,NEW,SMARTLINK,LOST ,0.0025,0.03090909090909091,0.007647058823529411,0.02154308617234469,0
ISP & ICT,in Building,NEW,SMARTLINK,LOST ,0.0025,0.03090909090909091,0.007647058823529411,0.02154308617234469,5
MANUFAKTUR,in Building,NEW,SMARTLINK,LOST ,0.005,0.03090909090909091,0.010588235294117647,0.02404809619238477,0
MANUFAKTUR,in Building,NEW,SMARTLINK,LOST ,0.0025,0.03090909090909091,0.007647058823529411,0.02154308617234469,0
MANUFAKTUR,in Building,NEW,INFINYLINK,LOST ,0.005,0.03090909090909091,0.010588235294117647,0.02404809619238477,0
MANUFAKTUR,in Building,NEW,INFINYLINK,LOST ,0.005,0.045454545454545456,0.07176470588235294,0.0841683366733467,0
RETAIL CONSUMER GOODS,in Building,NEW,SMARTLINK,LOST ,0.005,0.03090909090909091,0.010588235294117647,0.02404809619238477,0
ISP & ICT,in Building,NEW,SMARTLINK,ACTIVE,0.01,0.022727272727272728,0.01941176470588235,0.027054108216432865,5
MANUFAKTUR,in Building,NEW,SMARTLINK,LOST ,0.01,0.03090909090909091,0.015294117647058823,0.028056112224448898,0
MANUFAKTUR,in Building,NEW,INFINYLINK,LOST ,0.01,0.045454545454545456,0.10705882352941176,0.11422845691382764,0
RETAIL CONSUMER GOODS,in Building,NEW,SMARTLINK,PROPOSAL,0.005,0.02727272727272727,0.007058823529411764,0.01903807615230461,5
MANUFAKTUR,in Building,NEW,SMARTLINK,PROPOSAL,0.005,0.07272727272727272,0.018823529411764704,0.05410821643286573,0
RETAIL CONSUMER GOODS,in Building,NEW,SMARTLINK,LOST ,0.01,0.03090909090909091,0.015294117647058823,0.028056112224448898,0
MANUFAKTUR,in Building,NEW,SMARTLINK,LOST ,0.01,0.03090909090909091,0.015294117647058823,0.028056112224448898,0
MANUFAKTUR,in Building,NEW,INFINYLINK,LOST ,0.005,0.045454545454545456,0.07176470588235294,0.0841683366733467,0
MANUFAKTUR,in Building,NEW,SMARTLINK,LOST ,0.01,0.03090909090909091,0.015294117647058823,0.028056112224448898,0
ISP & ICT,in Building,NEW,INFINYLINK,LOST ,0.01,0.045454545454545456,0.10705882352941176,0.11422845691382764,4
MANUFAKTUR,in Building,NEW,INFINYLINK,LOST ,0.02,0.045454545454545456,0.1411764705882353,0.1432865731462926,0
ISP & ICT,in Building,NEW,INFINYLINK,LOST ,0.015000000000000001,0.045454545454545456,0.11764705882352941,0.12324649298597193,4
OTHERS,in Building,NEW,SMARTLINK,NEGOTIATION,0.005,0.03636363636363636,0.007058823529411764,0.02404809619238477,5
OTHERS,in Building,NEW,INFYLINK MIX,NEGOTIATION,0.002,0.045454545454545456,0.03764705882352941,0.05511022044088176,3
OTHERS,in Building,NEW,SMARTLINK,LOST ,0.0025,0.03090909090909091,0.007647058823529411,0.02154308617234469,0
OTHERS,in Building,NEW,INFINYLINK,LOST ,0.01,0.045454545454545456,0.08588235294117647,0.09619238476953908,4
OTHERS,in Building,NEW,INFYLINK MIX,DISSENGGAGED,0.005,0.03636363636363636,0.0976470588235294,0.10120240480961923,3
ISP & ICT,in Building,NEW,INFINYLINK,LOST ,0.01,0.045454545454545456,0.10705882352941176,0.11422845691382764,4
OTHERS,in Building,NEW,SMARTLINK,NEGOTIATION,0.005,0.02727272727272727,0.010588235294117647,0.022044088176352707,5
HOREKA JKT,in Building,NEW,INFINYLINK,LOST ,0.002,0.045454545454545456,0.04470588235294117,0.06112224448897795,0
HOREKA JKT,in Building,NEW,INFINYLINK,ACTIVE,0.002,0.03636363636363636,0.047058823529411764,0.058116232464929855,2
ISP & ICT,in Building,NEW,SMARTLINK,DISSENGGAGED,0.01,0.03636363636363636,0.015294117647058823,0.031062124248496994,5
RETAIL CONSUMER GOODS,in Building,NEW,SMARTLINK,PROPOSAL,0.005,0.045454545454545456,0.007058823529411764,0.02905811623246493,5
OTHERS,in Building,NEW,SMARTLINK,DISSENGGAGED,0.01,0.02727272727272727,0.015294117647058823,0.026052104208416835,5
OTHERS,in Building,NEW,INFYLINK MIX,PROPOSAL,0.005,0.05454545454545454,0.07647058823529411,0.09318637274549098,2
OTHERS,in Building,NEW,SMARTLINK,PROPOSAL,0.01,0.01818181818181818,0.011764705882352941,0.018036072144288578,5
OTHERS,in Building,NEW,INFYLINK MIX,DISSENGGAGED,0.001,0.045454545454545456,0.029411764705882353,0.04809619238476954,3
MANUFAKTUR,in Building,NEW,INFINYLINK,LOST ,0.01,0.045454545454545456,0.10705882352941176,0.11422845691382764,0
HEALTH FACILITY,in Building,NEW,SMARTLINK,LOST ,0.005,0.045454545454545456,0.010588235294117647,0.03206412825651302,0
RETAIL CONSUMER GOODS,in Building,NEW,SMARTLINK,PROPOSAL,0.01,0.01818181818181818,0.03294117647058823,0.03607214428857715,5
OTHERS,in Building,NEW,SMARTLINK,PROPOSAL,0.005,0.02727272727272727,0.010588235294117647,0.022044088176352707,5
ISP & ICT,in Building,NEW,SMARTLINK,LOST ,0.005,0.045454545454545456,0.010588235294117647,0.03206412825651302,5
OTHERS,in Building,NEW,INFINYLINK,LOST ,0.001,0.07272727272727272,0.07647058823529411,0.1032064128256513,4
FINANCIAL & BANKING,in Building,NEW,INFINYLINK,LOST ,0.001,0.045454545454545456,0.03294117647058823,0.05110220440881763,2
RETAIL CONSUMER GOODS,in Building,NEW,INFINYLINK,PROPOSAL,0.001,0.08181818181818182,0.029411764705882353,0.06813627254509018,2
FINANCIAL & BANKING,in Building,NEW,INFINYLINK,DISSENGGAGED,0.005,0.045454545454545456,0.06470588235294117,0.0781563126252505,2
MANUFAKTUR,in Building,NEW,SMARTLINK,LOST ,0.005,0.03636363636363636,0.015294117647058823,0.031062124248496994,0
HOREKA JKT,in Building,NEW,SMARTLINK,LOST ,0.005,0.03636363636363636,0.016470588235294115,0.03206412825651302,0
MANUFAKTUR,in Building,NEW,INFINYLINK,LOST ,0.005,0.045454545454545456,0.16470588235294117,0.16332665330661322,0
ISP & ICT,in Building,NEW,SMARTLINK,LOST ,0.0025,0.03090909090909091,0.007647058823529411,0.02154308617234469,5
FINANCIAL & BANKING,in Building,NEW,SMARTLINK,LOST ,0.01,0.03090909090909091,0.015294117647058823,0.028056112224448898,0
HEALTH FACILITY,Greenfield,NEW,INFINYLINK,LOST ,0.015000000000000001,0.05454545454545454,0.12941176470588234,0.13827655310621242,4
EDUCATION,Greenfield,NEW,INFINYLINK,LOST ,0.02,0.05454545454545454,0.21764705882352942,0.21342685370741482,4
MANUFAKTUR,Greenfield,NEW,INFINYLINK,LOST ,0.01,0.06363636363636363,0.10705882352941176,0.12424849699398796,4
MANUFAKTUR,Greenfield,NEW,INFINYLINK,LOST ,0.01,0.06363636363636363,0.10705882352941176,0.12424849699398796,4
OTOMOTIF,Greenfield,NEW,INFINYLINK,LOST ,0.0025,0.06363636363636363,0.047058823529411764,0.07314629258517033,4
FINANCIAL & BANKING,in Building,NEW,INFINYLINK,LOST ,0.0025,0.045454545454545456,0.03294117647058823,0.05110220440881763,2
FINANCIAL & BANKING,in Building,NEW,SMARTLINK,LOST ,0.01,0.03636363636363636,0.015294117647058823,0.031062124248496994,0
MANUFAKTUR,in Building,NEW,SMARTLINK,LOST ,0.005,0.03636363636363636,0.010588235294117647,0.027054108216432865,0
MANUFAKTUR,in Building,NEW,SMARTLINK,LOST ,0.005,0.03636363636363636,0.010588235294117647,0.027054108216432865,0
ISP & ICT,in Building,NEW,SMARTLINK,LOST ,0.01,0.03090909090909091,0.015294117647058823,0.028056112224448898,5
MANUFAKTUR,in Building,NEW,SMARTLINK,LOST ,0.01,0.03090909090909091,0.015294117647058823,0.028056112224448898,0
MANUFAKTUR,in Building,NEW,SMARTLINK,LOST ,0.005,0.03636363636363636,0.010588235294117647,0.027054108216432865,0
RETAIL CONSUMER GOODS,in Building,NEW,INFINYLINK,LOST ,0.01,0.06363636363636363,0.10705882352941176,0.12424849699398796,4
MANUFAKTUR,in Building,NEW,SMARTLINK,LOST ,0.0025,0.03636363636363636,0.010588235294117647,0.027054108216432865,0
FINANCIAL & BANKING,in Building,NEW,SMARTLINK,LOST ,0.0025,0.03636363636363636,0.010588235294117647,0.027054108216432865,0
EDUCATION,Greenfield,NEW,INFINYLINK,LOST ,0.005,0.06363636363636363,0.07176470588235294,0.09418837675350701,4
RETAIL CONSUMER GOODS,in Building,NEW,SMARTLINK,LOST ,0.005,0.03636363636363636,0.010588235294117647,0.027054108216432865,0
RETAIL CONSUMER GOODS,in Building,NEW,SMARTLINK,LOST ,0.005,0.03636363636363636,0.010588235294117647,0.027054108216432865,0
RETAIL CONSUMER GOODS,in Building,NEW,SMARTLINK,LOST ,0.005,0.03636363636363636,0.010588235294117647,0.027054108216432865,0
HOREKA JKT,Greenfield,NEW,SMARTLINK,LOST ,0.01,0.03636363636363636,0.015294117647058823,0.031062124248496994,0
OTOMOTIF,Greenfield,NEW,SMARTLINK,LOST ,0.01,0.03636363636363636,0.015294117647058823,0.031062124248496994,0
OTOMOTIF,Greenfield,NEW,SMARTLINK,LOST ,0.01,0.03636363636363636,0.015294117647058823,0.031062124248496994,0
OTOMOTIF,Greenfield,NEW,INFINYLINK,LOST ,0.005,0.045454545454545456,0.07176470588235294,0.0841683366733467,4
HEALTH FACILITY,Greenfield,NEW,INFINYLINK,LOST ,0.005,0.045454545454545456,0.07176470588235294,0.0841683366733467,4
OTOMOTIF,Greenfield,NEW,INFINYLINK,LOST ,0.0025,0.045454545454545456,0.047058823529411764,0.06312625250501001,4
OTOMOTIF,Greenfield,NEW,SMARTLINK,LOST ,0.01,0.03636363636363636,0.027058823529411764,0.041082164328657314,0
OTOMOTIF,Greenfield,NEW,INFINYLINK,LOST ,0.0025,0.045454545454545456,0.047058823529411764,0.06312625250501001,4
OTOMOTIF,Greenfield,NEW,INFINYLINK,LOST ,0.0025,0.045454545454545456,0.047058823529411764,0.06312625250501001,4
FINANCIAL & BANKING,in Building,NEW,INFINYLINK,LOST ,0.005,0.045454545454545456,0.07176470588235294,0.0841683366733467,2
ISP & ICT,in Building,NEW,INFINYLINK,LOST ,0.005,0.045454545454545456,0.07176470588235294,0.0841683366733467,4
ISP & ICT,in Building,NEW,INFINYLINK,PO WON,0.01,0.045454545454545456,0.10705882352941176,0.11422845691382764,2
ISP & ICT,in Building,NEW,INFINYLINK,LOST ,0.01,0.045454545454545456,0.10705882352941176,0.11422845691382764,4
OTOMOTIF,Greenfield,NEW,INFINYLINK,LOST ,0.0025,0.05454545454545454,0.047058823529411764,0.06813627254509018,4
OTOMOTIF,Greenfield,NEW,SMARTLINK,LOST ,0.005,0.05454545454545454,0.010588235294117647,0.03707414829659318,0
EDUCATION,Greenfield,NEW,INFINYLINK,LOST ,0.01,0.05454545454545454,0.10705882352941176,0.11923847695390781,4
EDUCATION,Greenfield,NEW,SMARTLINK,LOST ,0.005,0.05454545454545454,0.015294117647058823,0.041082164328657314,4
EDUCATION,in Building,NEW,INFINYLINK,LOST ,0.0025,0.045454545454545456,0.047058823529411764,0.06312625250501001,4
RETAIL CONSUMER GOODS,in Building,NEW,INFINYLINK,LOST ,0.005,0.045454545454545456,0.07176470588235294,0.0841683366733467,4
HOREKA JKT,in Building,NEW,INFINYLINK,LOST ,0.01,0.045454545454545456,0.10705882352941176,0.11422845691382764,4
FINANCIAL & BANKING,in Building,NEW,SMARTLINK,LOST ,0.01,0.03636363636363636,0.015294117647058823,0.031062124248496994,0
MANUFAKTUR,in Building,NEW,INFINYLINK,LOST ,0.005,0.045454545454545456,0.07176470588235294,0.0841683366733467,0
RETAIL CONSUMER GOODS,in Building,NEW,SMARTLINK,ACTIVE,0.01,0.03636363636363636,0.015294117647058823,0.031062124248496994,5
MANUFAKTUR,in Building,NEW,SMARTLINK,LOST ,0.01,0.03636363636363636,0.015294117647058823,0.031062124248496994,0
ISP & ICT,Greenfield,NEW,INFINYLINK,LOST ,0.005,0.05454545454545454,0.07176470588235294,0.08917835671342685,4
EDUCATION,Greenfield,NEW,INFINYLINK,LOST ,0.01,0.06363636363636363,0.10705882352941176,0.12424849699398796,4
FINANCIAL & BANKING,in Building,NEW,INFINYLINK,LOST ,0.008,0.07272727272727272,0.10117647058823528,0.12424849699398796,2
MANUFAKTUR,Greenfield,NEW,INFINYLINK,LOST ,0.005,0.07272727272727272,0.08352941176470588,0.1092184368737475,4
MANUFAKTUR,in Building,NEW,INFINYLINK,LOST ,0.005,0.045454545454545456,0.07176470588235294,0.0841683366733467,0
HEALTH FACILITY,Greenfield,NEW,INFINYLINK,PO CANCELLED,0.01,0.045454545454545456,0.0976470588235294,0.1062124248496994,4
ISP & ICT,Greenfield,NEW,INFINYLINK,LOST ,0.0025,0.06363636363636363,0.047058823529411764,0.07314629258517033,4
EDUCATION,Greenfield,NEW,INFINYLINK,LOST ,0.01,0.045454545454545456,0.10705882352941176,0.11422845691382764,4
EDUCATION,Greenfield,NEW,INFINYLINK,LOST ,0.05,0.07272727272727272,0.2588235294117647,0.25851703406813625,4
EDUCATION,Greenfield,NEW,INFINYLINK,LOST ,0.01,0.05454545454545454,0.10705882352941176,0.11923847695390781,4
ISP & ICT,in Building,NEW,SMARTLINK,LOST ,0.01,0.03636363636363636,0.027058823529411764,0.041082164328657314,0
FINANCIAL & BANKING,in Building,NEW,INFINYLINK,LOST ,0.005,0.045454545454545456,0.07058823529411765,0.08316633266533066,2
FINANCIAL & BANKING,in Building,NEW,INFINYLINK,LOST ,0.005,0.045454545454545456,0.07058823529411765,0.08316633266533066,2
FINANCIAL & BANKING,in Building,NEW,INFINYLINK,LOST ,0.005,0.045454545454545456,0.07058823529411765,0.08316633266533066,2
HOREKA JKT,in Building,NEW,SMARTLINK,LOST ,0.005,0.03636363636363636,0.010588235294117647,0.027054108216432865,0
MANUFAKTUR,in Building,NEW,INFINYLINK,LOST ,0.005,0.045454545454545456,0.07058823529411765,0.08316633266533066,0
RETAIL CONSUMER GOODS,in Building,NEW,INFINYLINK,LOST ,0.005,0.045454545454545456,0.07058823529411765,0.08316633266533066,4
ISP & ICT,in Building,NEW,INFINYLINK,LOST ,0.005,0.045454545454545456,0.07058823529411765,0.08316633266533066,4
FINANCIAL & BANKING,in Building,NEW,INFINYLINK,LOST ,0.005,0.03636363636363636,0.010588235294117647,0.027054108216432865,2
MANUFAKTUR,in Building,NEW,SMARTLINK,LOST ,0.005,0.045454545454545456,0.07058823529411765,0.08316633266533066,0
HEALTH FACILITY,in Building,NEW,SMARTLINK,LOST ,0.005,0.05454545454545454,0.07176470588235294,0.08917835671342685,0
HOREKA JKT,Greenfield,NEW,INFINYLINK,LOST ,0.0025,0.045454545454545456,0.047058823529411764,0.06312625250501001,4
RETAIL CONSUMER GOODS,in Building,NEW,SMARTLINK,NEGOTIATION,0.005,0.03636363636363636,0.01764705882352941,0.033066132264529056,5
HEALTH FACILITY,in Building,NEW,SMARTLINK,LOST ,0.01,0.03636363636363636,0.011764705882352941,0.028056112224448898,0
HEALTH FACILITY,in Building,NEW,SMARTLINK,LOST ,0.0025,0.03636363636363636,0.0058823529411764705,0.02304609218436874,0
RETAIL CONSUMER GOODS,in Building,NEW,SMARTLINK,LOST ,0.0025,0.03636363636363636,0.011764705882352941,0.028056112224448898,0
ISP & ICT,in Building,NEW,SMARTLINK,PO WON,0.01,0.03636363636363636,0.011764705882352941,0.028056112224448898,5
HOREKA JKT,in Building,NEW,SMARTLINK,NEGOTIATION,0.01,0.02727272727272727,0.03294117647058823,0.041082164328657314,0
MANUFAKTUR,in Building,NEW,SMARTLINK,LOST ,0.01,0.03636363636363636,0.011764705882352941,0.028056112224448898,0
HEALTH FACILITY,in Building,NEW,SMARTLINK,LOST ,0.0025,0.03636363636363636,0.011764705882352941,0.028056112224448898,0
HEALTH FACILITY,in Building,NEW,SMARTLINK,LOST ,0.007500000000000001,0.02727272727272727,0.029411764705882353,0.038076152304609215,0
HEALTH FACILITY,Greenfield,NEW,SMARTLINK,LOST ,0.007500000000000001,0.02727272727272727,0.029411764705882353,0.038076152304609215,0
EDUCATION,Greenfield,NEW,INFINYLINK,LOST ,0.007,0.05454545454545454,0.07411764705882352,0.09118236472945891,4
HEALTH FACILITY,Greenfield,NEW,INFINYLINK,LOST ,0.005,0.05454545454545454,0.05647058823529411,0.07615230460921843,4
OTOMOTIF,Greenfield,NEW,INFINYLINK,LOST ,0.005,0.05454545454545454,0.05647058823529411,0.07615230460921843,4
HEALTH FACILITY,Greenfield,NEW,INFINYLINK,LOST ,0.005,0.05454545454545454,0.05647058823529411,0.07615230460921843,4
HEALTH FACILITY,Greenfield,NEW,INFINYLINK,LOST ,0.005,0.05454545454545454,0.05647058823529411,0.07615230460921843,4
HEALTH FACILITY,Greenfield,NEW,INFINYLINK,LOST ,0.01,0.05454545454545454,0.08588235294117647,0.10120240480961923,4
EDUCATION,Greenfield,NEW,INFINYLINK,LOST ,0.025,0.05454545454545454,0.14705882352941177,0.1533066132264529,4
EDUCATION,Greenfield,NEW,INFINYLINK,LOST ,0.01,0.05454545454545454,0.08588235294117647,0.10120240480961923,4
HEALTH FACILITY,Greenfield,NEW,INFINYLINK,LOST ,0.01,0.05454545454545454,0.08588235294117647,0.10120240480961923,4
RETAIL CONSUMER GOODS,in Building,NEW,INFINYLINK,LOST ,0.001,0.07272727272727272,0.07647058823529411,0.1032064128256513,4
ISP & ICT,in Building,NEW,INFINYLINK,LOST ,0.001,0.05454545454545454,0.07647058823529411,0.09318637274549098,4
FINANCIAL & BANKING,in Building,NEW,SMARTLINK,LOST ,0.01,0.03636363636363636,0.011764705882352941,0.028056112224448898,0
MANUFAKTUR,in Building,NEW,SMARTLINK,LOST ,0.0025,0.03636363636363636,0.010588235294117647,0.027054108216432865,0
HEALTH FACILITY,in Building,NEW,INFINYLINK,LOST ,0.01,0.045454545454545456,0.08588235294117647,0.09619238476953908,4
ISP & ICT,in Building,NEW,SMARTLINK,LOST ,0.01,0.02727272727272727,0.015294117647058823,0.026052104208416835,5
EDUCATION,in Building,NEW,SMARTLINK,LOST ,0.01,0.03636363636363636,0.011764705882352941,0.028056112224448898,0
ISP & ICT,in Building,NEW,SMARTLINK,LOST ,0.01,0.03636363636363636,0.011764705882352941,0.028056112224448898,5
MANUFAKTUR,in Building,NEW,SMARTLINK,PROPOSAL,0.005,0.02727272727272727,0.010588235294117647,0.022044088176352707,5
HOREKA JKT,in Building,NEW,SMARTLINK,PROPOSAL,0.01,0.03636363636363636,0.011764705882352941,0.028056112224448898,5
RETAIL CONSUMER GOODS,in Building,NEW,SMARTLINK,LOST ,0.005,0.045454545454545456,0.010588235294117647,0.03206412825651302,0
HOREKA JKT,in Building,NEW,SMARTLINK,LOST ,0.01,0.03636363636363636,0.011764705882352941,0.028056112224448898,0
RETAIL CONSUMER GOODS,in Building,NEW,SMARTLINK,LOST ,0.0025,0.03090909090909091,0.007647058823529411,0.02154308617234469,0
ISP & ICT,in Building,NEW,SMARTLINK,ACTIVE,0.015000000000000001,0.022727272727272728,0.02,0.02755511022044088,5
MANUFAKTUR,in Building,NEW,INFINYLINK,LOST ,0.001,0.05454545454545454,0.07647058823529411,0.09318637274549098,0
MANUFAKTUR,in Building,NEW,SMARTLINK,PROPOSAL,0.01,0.045454545454545456,0.015294117647058823,0.03607214428857715,5
HEALTH FACILITY,in Building,NEW,SMARTLINK,ACTIVE,0.01,0.02727272727272727,0.011764705882352941,0.02304609218436874,5
HOREKA JKT,in Building,NEW,INFYLINK MIX,PO WON,0.01,0.05454545454545454,0.10588235294117647,0.11823647294589178,3
HEALTH FACILITY,Greenfield,NEW,INFYLINK MIX,LOST ,0.01,0.05454545454545454,0.08588235294117647,0.10120240480961923,1
EDUCATION,Greenfield,NEW,INFINYLINK,LOST ,0.01,0.06363636363636363,0.11764705882352941,0.13326653306613226,4
FINANCIAL & BANKING,in Building,NEW,SMARTLINK,LOST ,0.01,0.03636363636363636,0.011764705882352941,0.028056112224448898,0
MANUFAKTUR,Greenfield,NEW,SMARTLINK,PROPOSAL,0.01,0.03636363636363636,0.018823529411764704,0.03406813627254509,5
HOREKA JKT,in Building,NEW,SMARTLINK,LOST ,0.01,0.03636363636363636,0.011764705882352941,0.028056112224448898,0
ISP & ICT,in Building,NEW,SMARTLINK,DISSENGGAGED,0.01,0.03636363636363636,0.011764705882352941,0.028056112224448898,5
FINANCIAL & BANKING,in Building,NEW,SMARTLINK,LOST ,0.005,0.03636363636363636,0.007058823529411764,0.02404809619238477,0
EDUCATION,Greenfield,NEW,INFINYLINK,LOST ,0.002,0.05454545454545454,0.047058823529411764,0.06813627254509018,4
HEALTH FACILITY,Greenfield,NEW,INFINYLINK,LOST ,0.01,0.05454545454545454,0.11176470588235293,0.12324649298597193,4
ISP & ICT,in Building,NEW,LOCAL LOOP,ACTIVE,0.025,0.01818181818181818,0.023529411764705882,0.028056112224448898,5
RETAIL CONSUMER GOODS,in Building,NEW,SMARTLINK,PROPOSAL,0.01,0.02727272727272727,0.015294117647058823,0.026052104208416835,5
MANUFAKTUR,in Building,NEW,SMARTLINK,DISSENGGAGED,0.01,0.03636363636363636,0.015294117647058823,0.031062124248496994,0
EDUCATION,Greenfield,NEW,INFINYLINK,LOST ,0.01,0.05454545454545454,0.06470588235294117,0.08316633266533066,4
HEALTH FACILITY,Greenfield,NEW,INFINYLINK,LOST ,0.01,0.06363636363636363,0.09176470588235294,0.11122244488977956,4
ISP & ICT,in Building,NEW,SMARTLINK,PROPOSAL,0.005,0.09090909090909091,0.015294117647058823,0.06112224448897795,5
RETAIL CONSUMER GOODS,Greenfield,NEW,INFINYLINK,ACTIVE,0.005,0.03636363636363636,0.041176470588235294,0.0531062124248497,4
RETAIL CONSUMER GOODS,in Building,NEW,SMARTLINK,LOST ,0.0025,0.03636363636363636,0.011764705882352941,0.028056112224448898,0
ISP & ICT,in Building,NEW,INFINYLINK,LOST ,0.01,0.05454545454545454,0.2588235294117647,0.24849699398797592,3
FINANCIAL & BANKING,in Building,NEW,INFINYLINK,LOST ,0.01,0.045454545454545456,0.08588235294117647,0.09619238476953908,2
MANUFAKTUR,in Building,NEW,INFINYLINK,LOST ,0.001,0.05454545454545454,0.07647058823529411,0.09318637274549098,0
HEALTH FACILITY,in Building,NEW,SMARTLINK,ACTIVE,0.01,0.02727272727272727,0.011764705882352941,0.02304609218436874,5
RETAIL CONSUMER GOODS,in Building,NEW,SMARTLINK,LOST ,0.005,0.045454545454545456,0.05647058823529411,0.07114228456913828,0
ISP & ICT,in Building,NEW,SMARTLINK,NEGOTIATION,0.0025,0.045454545454545456,0.011764705882352941,0.033066132264529056,5
MANUFAKTUR,in Building,NEW,SMARTLINK,LOST ,0.0025,0.045454545454545456,0.011764705882352941,0.033066132264529056,0
FINANCIAL & BANKING,in Building,NEW,SMARTLINK,LOST ,0.0025,0.045454545454545456,0.011764705882352941,0.033066132264529056,0
RETAIL CONSUMER GOODS,in Building,NEW,SMARTLINK,LOST ,0.0025,0.03636363636363636,0.011764705882352941,0.028056112224448898,0
RETAIL CONSUMER GOODS,in Building,NEW,SMARTLINK,DISSENGGAGED,0.007500000000000001,0.02727272727272727,0.029411764705882353,0.038076152304609215,5
MANUFAKTUR,in Building,NEW,SMARTLINK,LOST ,0.01,0.03636363636363636,0.011764705882352941,0.028056112224448898,0
RETAIL CONSUMER GOODS,in Building,NEW,INFINYLINK,LOST ,0.001,0.05454545454545454,0.07647058823529411,0.09318637274549098,4
ISP & ICT,in Building,NEW,SMARTLINK,LOST ,0.01,0.03636363636363636,0.011764705882352941,0.028056112224448898,5
MANUFAKTUR,in Building,NEW,INFINYLINK,LOST ,0.001,0.05454545454545454,0.07647058823529411,0.09318637274549098,0
MANUFAKTUR,in Building,NEW,SMARTLINK,PROPOSAL,0.01,0.02727272727272727,0.011764705882352941,0.02304609218436874,5
MANUFAKTUR,in Building,NEW,INFYLINK MIX,ACTIVE,0.002,0.05454545454545454,0.047058823529411764,0.06813627254509018,0
MANUFAKTUR,in Building,NEW,INFINYLINK,LOST ,0.005,0.045454545454545456,0.05647058823529411,0.07114228456913828,0
FINANCIAL & BANKING,in Building,NEW,INFINYLINK,LOST ,0.001,0.05454545454545454,0.07647058823529411,0.09318637274549098,2
RETAIL CONSUMER GOODS,in Building,NEW,SMARTLINK,PROPOSAL,0.01,0.03636363636363636,0.011764705882352941,0.028056112224448898,5
RETAIL CONSUMER GOODS,in Building,NEW,INFINYLINK,LOST ,0.001,0.05454545454545454,0.07647058823529411,0.09318637274549098,4
HEALTH FACILITY,Greenfield,NEW,INFINYLINK,LOST ,0.015000000000000001,0.05454545454545454,0.09411764705882353,0.10821643286573146,4
EDUCATION,Greenfield,NEW,INFINYLINK,LOST ,0.005,0.05454545454545454,0.09176470588235294,0.1062124248496994,4
ISP & ICT,in Building,NEW,LOCAL LOOP,ACTIVE,0.025,0.01818181818181818,0.023529411764705882,0.028056112224448898,5
HOREKA JKT,in Building,NEW,SMARTLINK,NEGOTIATION,0.0025,0.02727272727272727,0.010588235294117647,0.022044088176352707,5
RETAIL CONSUMER GOODS,in Building,NEW,SMARTLINK,LOST ,0.01,0.03636363636363636,0.015294117647058823,0.031062124248496994,0
FINANCIAL & BANKING,in Building,NEW,INFINYLINK,LOST ,0.005,0.05454545454545454,0.07058823529411765,0.08817635270541081,2
HEALTH FACILITY,in Building,NEW,SMARTLINK,NEGOTIATION,0.01,0.03636363636363636,0.011764705882352941,0.028056112224448898,5
ISP & ICT,in Building,NEW,SMARTLINK,LOST ,0.01,0.03636363636363636,0.011764705882352941,0.028056112224448898,5
ISP & ICT,in Building,EXISTING,SMARTLINK,NEGOTIATION,0.01,0.0,0.003529411764705882,0.0010020040080160322,5
MANUFAKTUR,in Building,NEW,INFINYLINK,LOST ,0.005,0.045454545454545456,0.06470588235294117,0.0781563126252505,0
MANUFAKTUR,in Building,NEW,INFINYLINK,LOST ,0.002,0.045454545454545456,0.047058823529411764,0.06312625250501001,0
FINANCIAL & BANKING,in Building,NEW,INFINYLINK,DISSENGGAGED,0.005,0.045454545454545456,0.06470588235294117,0.0781563126252505,2
MANUFAKTUR,in Building,NEW,SMARTLINK,LOST ,0.005,0.03636363636363636,0.007058823529411764,0.02404809619238477,0
MANUFAKTUR,in Building,NEW,INFINYLINK,LOST ,0.005,0.02727272727272727,0.047058823529411764,0.0531062124248497,0
HOREKA JKT,in Building,NEW,SMARTLINK,LOST ,0.01,0.03636363636363636,0.011764705882352941,0.028056112224448898,0
RETAIL CONSUMER GOODS,in Building,NEW,SMARTLINK,LOST ,0.01,0.03636363636363636,0.015294117647058823,0.031062124248496994,0
FINANCIAL & BANKING,in Building,NEW,INFINYLINK,LOST ,0.01,0.045454545454545456,0.08588235294117647,0.09619238476953908,2
HOREKA JKT,in Building,NEW,SMARTLINK,LOST ,0.01,0.05454545454545454,0.015294117647058823,0.041082164328657314,0
EDUCATION,Greenfield,NEW,INFINYLINK,LOST ,0.015000000000000001,0.06363636363636363,0.11764705882352941,0.13326653306613226,4
EDUCATION,Greenfield,NEW,INFINYLINK,LOST ,0.030000000000000002,0.06363636363636363,0.16470588235294117,0.17334669338677355,4
EDUCATION,Greenfield,NEW,INFINYLINK,LOST ,0.02,0.06363636363636363,0.12941176470588234,0.1432865731462926,4
MANUFAKTUR,in Building,NEW,SMARTLINK,LOST ,0.0025,0.045454545454545456,0.011764705882352941,0.033066132264529056,0
HEALTH FACILITY,in Building,NEW,SMARTLINK,ACTIVE,0.01,0.03636363636363636,0.011764705882352941,0.028056112224448898,5
HEALTH FACILITY,in Building,NEW,SMARTLINK,ACTIVE,0.005,0.01818181818181818,0.007058823529411764,0.014028056112224447,5
MANUFAKTUR,Greenfield,NEW,SMARTLINK,LOST ,0.005,0.03636363636363636,0.011764705882352941,0.028056112224448898,0
ISP & ICT,in Building,NEW,SMARTLINK,PROPOSAL,0.0025,0.01818181818181818,0.011764705882352941,0.018036072144288578,5
EDUCATION,Greenfield,NEW,INFINYLINK,DISSENGGAGED,0.01,0.06363636363636363,0.09294117647058824,0.11222444889779559,4
EDUCATION,Greenfield,NEW,SMARTLINK,LOST ,0.01,0.06363636363636363,0.09294117647058824,0.11222444889779559,4
HEALTH FACILITY,in Building,NEW,INFINYLINK,LOST ,0.01,0.06363636363636363,0.09294117647058824,0.11222444889779559,4
EDUCATION,in Building,NEW,INFINYLINK,NEGOTIATION,0.01,0.06363636363636363,0.058823529411764705,0.08316633266533066,2
HEALTH FACILITY,Greenfield,NEW,INFINYLINK,LOST ,0.005,0.06363636363636363,0.09176470588235294,0.11122244488977956,4
EDUCATION,Greenfield,NEW,INFINYLINK,LOST ,0.005,0.06363636363636363,0.09176470588235294,0.11122244488977956,4
EDUCATION,Greenfield,NEW,INFINYLINK,LOST ,0.005,0.06363636363636363,0.09176470588235294,0.11122244488977956,4
EDUCATION,Greenfield,NEW,INFINYLINK,LOST ,0.005,0.06363636363636363,0.09176470588235294,0.11122244488977956,4
EDUCATION,Greenfield,NEW,INFINYLINK,DISSENGGAGED,0.005,0.06363636363636363,0.09176470588235294,0.11122244488977956,4
EDUCATION,Greenfield,NEW,INFINYLINK,DISSENGGAGED,0.004,0.06363636363636363,0.09176470588235294,0.11122244488977956,4
EDUCATION,Greenfield,NEW,INFINYLINK,LOST ,0.005,0.06363636363636363,0.09176470588235294,0.11122244488977956,4
RETAIL CONSUMER GOODS,in Building,NEW,SMARTLINK,NEGOTIATION,0.005,0.02727272727272727,0.047058823529411764,0.0531062124248497,3
MANUFAKTUR,in Building,NEW,SMARTLINK,PROPOSAL,0.0025,0.03636363636363636,0.011764705882352941,0.028056112224448898,5
MANUFAKTUR,in Building,NEW,SMARTLINK,DISSENGGAGED,0.0025,0.03636363636363636,0.011764705882352941,0.028056112224448898,0
EDUCATION,Greenfield,NEW,INFINYLINK,LOST ,0.005,0.06363636363636363,0.09176470588235294,0.11122244488977956,4
EDUCATION,Greenfield,NEW,INFINYLINK,LOST ,0.005,0.06363636363636363,0.09176470588235294,0.11122244488977956,4
MANUFAKTUR,in Building,NEW,SMARTLINK,LOST ,0.005,0.03636363636363636,0.007058823529411764,0.02404809619238477,0
MANUFAKTUR,in Building,NEW,SMARTLINK,NEGOTIATION,0.005,0.01818181818181818,0.010588235294117647,0.017034068136272545,0
MANUFAKTUR,in Building,NEW,SMARTLINK,DISSENGGAGED,0.005,0.03636363636363636,0.015294117647058823,0.031062124248496994,0
MANUFAKTUR,in Building,NEW,INFINYLINK,PROPOSAL,0.005,0.045454545454545456,0.058823529411764705,0.07314629258517033,2
RETAIL CONSUMER GOODS,in Building,NEW,INFYLINK MIX,ACTIVE,0.001,0.05454545454545454,0.03294117647058823,0.05611222444889779,3
RETAIL CONSUMER GOODS,Greenfield,NEW,INFINYLINK,LOST ,0.01,0.14545454545454545,0.15294117647058822,0.20841683366733466,4
ISP & ICT,in Building,NEW,SMARTLINK,PROPOSAL,0.005,0.02727272727272727,0.047058823529411764,0.0531062124248497,5
MANUFAKTUR,Greenfield,NEW,INFYLINK MIX,NEGOTIATION,0.01,0.07272727272727272,0.08823529411764705,0.11322645290581163,1
ISP & ICT,in Building,NEW,SMARTLINK,NEGOTIATION,0.01,0.03636363636363636,0.015294117647058823,0.031062124248496994,5
FINANCIAL & BANKING,in Building,NEW,SMARTLINK,PROPOSAL,0.005,0.045454545454545456,0.05647058823529411,0.07114228456913828,2
ISP & ICT,in Building,NEW,SMARTLINK,LOST ,0.01,0.03090909090909091,0.015294117647058823,0.028056112224448898,5
MANUFAKTUR,in Building,NEW,INFYLINK MIX,NEGOTIATION,0.002,0.05454545454545454,0.041176470588235294,0.06312625250501001,3
EDUCATION,in Building,NEW,SMARTLINK,LOST ,0.01,0.03090909090909091,0.015294117647058823,0.028056112224448898,0
MANUFAKTUR,Greenfield,NEW,INFYLINK MIX,LOST ,0.005,0.05454545454545454,0.06470588235294117,0.08316633266533066,4
RETAIL CONSUMER GOODS,in Building,NEW,INFINYLINK,DISSENGGAGED,0.01,0.05454545454545454,0.023529411764705882,0.04809619238476954,2
MANUFAKTUR,in Building,NEW,SMARTLINK,DISSENGGAGED,0.005,0.09090909090909091,0.015294117647058823,0.06112224448897795,0
EDUCATION,Greenfield,NEW,INFINYLINK,DISSENGGAGED,0.005,0.045454545454545456,0.058823529411764705,0.07314629258517033,4
ISP & ICT,in Building,NEW,SMARTLINK,ACTIVE,0.005,0.03636363636363636,0.015294117647058823,0.031062124248496994,5
MANUFAKTUR,in Building,NEW,INFINYLINK,LOST ,0.005,0.03636363636363636,0.07058823529411765,0.0781563126252505,0
MANUFAKTUR,in Building,NEW,SMARTLINK,LOST ,0.005,0.045454545454545456,0.05647058823529411,0.07114228456913828,0
FINANCIAL & BANKING,in Building,NEW,SMARTLINK,PROPOSAL,0.0025,0.01818181818181818,0.011764705882352941,0.018036072144288578,5
ISP & ICT,Greenfield,NEW,INFINYLINK,LOST ,0.025,0.05454545454545454,0.045294117647058825,0.06663326653306613,4
MANUFAKTUR,in Building,NEW,SMARTLINK,NEGOTIATION,0.005,0.045454545454545456,0.05647058823529411,0.07114228456913828,0
ISP & ICT,in Building,NEW,INFYLINK MIX,PROPOSAL,0.005,0.07272727272727272,0.07058823529411765,0.09819639278557114,5
HOREKA JKT,in Building,NEW,SMARTLINK,PROPOSAL,0.0025,0.01818181818181818,0.011764705882352941,0.018036072144288578,5
MANUFAKTUR,in Building,NEW,INFINYLINK,NEGOTIATION,0.005,0.08181818181818182,0.06470588235294117,0.09819639278557114,2
RETAIL CONSUMER GOODS,in Building,NEW,INFINYLINK,ACTIVE,0.01,0.05454545454545454,0.10588235294117647,0.11823647294589178,3
MANUFAKTUR,Greenfield,NEW,SMARTLINK,PROPOSAL,0.005,0.05454545454545454,0.015294117647058823,0.041082164328657314,0
RETAIL CONSUMER GOODS,in Building,NEW,INFYLINK MIX,NEGOTIATION,0.002,0.06363636363636363,0.04470588235294117,0.07114228456913828,3
RETAIL CONSUMER GOODS,in Building,NEW,SMARTLINK,PROPOSAL,0.0025,0.03636363636363636,0.010588235294117647,0.027054108216432865,5
ISP & ICT,in Building,NEW,SMARTLINK,PO CANCELLED,0.025,0.03636363636363636,0.047058823529411764,0.058116232464929855,5
RETAIL CONSUMER GOODS,in Building,NEW,INFINYLINK,LOST ,0.002,0.05454545454545454,0.03529411764705882,0.058116232464929855,0
MANUFAKTUR,in Building,NEW,SMARTLINK,LOST ,0.01,0.03636363636363636,0.015294117647058823,0.031062124248496994,0
MANUFAKTUR,in Building,NEW,SMARTLINK,LOST ,0.0025,0.03636363636363636,0.010588235294117647,0.027054108216432865,0
FINANCIAL & BANKING,in Building,NEW,SMARTLINK,PROPOSAL,0.01,0.03636363636363636,0.015294117647058823,0.031062124248496994,5
RETAIL CONSUMER GOODS,in Building,NEW,LOCAL LOOP,DISSENGGAGED,0.001,0.05454545454545454,0.07647058823529411,0.09318637274549098,3
MANUFAKTUR,in Building,NEW,SMARTLINK,PROPOSAL,0.005,0.02727272727272727,0.010588235294117647,0.022044088176352707,5
ISP & ICT,in Building,NEW,SMARTLINK,PROPOSAL,0.005,0.03636363636363636,0.010588235294117647,0.027054108216432865,5
MANUFAKTUR,Greenfield,NEW,INFINYLINK,LOST ,0.005,0.06363636363636363,0.09176470588235294,0.11122244488977956,4
RETAIL CONSUMER GOODS,in Building,NEW,INFINYLINK,LOST ,0.005,0.045454545454545456,0.07176470588235294,0.0841683366733467,4
HEALTH FACILITY,in Building,NEW,SMARTLINK,LOST ,0.0025,0.02727272727272727,0.011764705882352941,0.02304609218436874,0
ISP & ICT,in Building,NEW,SMARTLINK,ACTIVE,0.005,0.01818181818181818,0.015294117647058823,0.021042084168336674,5
FINANCIAL & BANKING,in Building,NEW,INFINYLINK,LOST ,0.01,0.045454545454545456,0.10705882352941176,0.11422845691382764,2
OTOMOTIF,in Building,NEW,SMARTLINK,LOST ,0.005,0.09090909090909091,0.015294117647058823,0.06112224448897795,0
FINANCIAL & BANKING,in Building,NEW,SMARTLINK,PROPOSAL,0.005,0.09090909090909091,0.015294117647058823,0.06112224448897795,2
MANUFAKTUR,in Building,NEW,SMARTLINK,LOST ,0.0025,0.03636363636363636,0.010588235294117647,0.027054108216432865,0
ISP & ICT,in Building,NEW,SMARTLINK,LOST ,0.005,0.03636363636363636,0.010588235294117647,0.027054108216432865,5
FINANCIAL & BANKING,in Building,NEW,SMARTLINK,PROPOSAL,0.005,0.01818181818181818,0.011764705882352941,0.018036072144288578,5
ISP & ICT,in Building,NEW,SMARTLINK,PROPOSAL,0.0025,0.01818181818181818,0.011764705882352941,0.018036072144288578,5
MANUFAKTUR,Greenfield,NEW,SMARTLINK,PROPOSAL,0.005,0.02727272727272727,0.041176470588235294,0.04809619238476954,0
MANUFAKTUR,in Building,NEW,SMARTLINK,PROPOSAL,0.005,0.01818181818181818,0.041176470588235294,0.04308617234468937,0
HEALTH FACILITY,in Building,NEW,SMARTLINK,PROPOSAL,0.005,0.03636363636363636,0.01764705882352941,0.033066132264529056,5
RETAIL CONSUMER GOODS,Greenfield,EXISTING,SMARTLINK,ACTIVE,0.0002,0.0,0.009411764705882352,0.0060120240480961915,5
FINANCIAL & BANKING,in Building,NEW,SMARTLINK,PROPOSAL,0.01,0.05454545454545454,0.027058823529411764,0.05110220440881763,5
MANUFAKTUR,in Building,NEW,SMARTLINK,PROPOSAL,0.005,0.045454545454545456,0.007058823529411764,0.02905811623246493,5
HOREKA JKT,in Building,NEW,SMARTLINK,LOST ,0.0025,0.05454545454545454,0.015294117647058823,0.041082164328657314,0
MANUFAKTUR,in Building,NEW,SMARTLINK,NEGOTIATION,0.005,0.045454545454545456,0.007058823529411764,0.02905811623246493,0
HOREKA JKT,in Building,NEW,SMARTLINK,NEGOTIATION,0.0025,0.02727272727272727,0.0058823529411764705,0.018036072144288578,5
EDUCATION,in Building,NEW,SMARTLINK,LOST ,0.025,0.05454545454545454,0.04470588235294117,0.06613226452905811,0
EDUCATION,in Building,NEW,INFINYLINK,DISSENGGAGED,0.02,0.06363636363636363,0.11764705882352941,0.13326653306613226,4
MANUFAKTUR,in Building,NEW,INFYLINK MIX,LOST ,0.001,0.03636363636363636,0.023529411764705882,0.038076152304609215,0
MANUFAKTUR,in Building,NEW,SMARTLINK,NEGOTIATION,0.05,0.045454545454545456,0.08823529411764705,0.09819639278557114,0
RETAIL CONSUMER GOODS,in Building,NEW,SMARTLINK,PROPOSAL,0.01,0.01818181818181818,0.011764705882352941,0.018036072144288578,5
RETAIL CONSUMER GOODS,in Building,NEW,SMARTLINK,LOST ,0.0025,0.05454545454545454,0.015294117647058823,0.041082164328657314,0
FINANCIAL & BANKING,in Building,NEW,SMARTLINK,PROPOSAL,0.01,0.02727272727272727,0.011764705882352941,0.02304609218436874,5
HEALTH FACILITY,in Building,NEW,SMARTLINK,PROPOSAL,0.005,0.03636363636363636,0.0058823529411764705,0.02304609218436874,5
RETAIL CONSUMER GOODS,in Building,NEW,SMARTLINK,LOST ,0.0025,0.03090909090909091,0.007647058823529411,0.02154308617234469,0
RETAIL CONSUMER GOODS,in Building,NEW,SMARTLINK,PROPOSAL,0.01,0.03636363636363636,0.011764705882352941,0.028056112224448898,5
FINANCIAL & BANKING,in Building,NEW,INFINYLINK,PROPOSAL,0.002,0.045454545454545456,0.03764705882352941,0.05511022044088176,2
MANUFAKTUR,in Building,NEW,SMARTLINK,LOST ,0.01,0.02727272727272727,0.015294117647058823,0.026052104208416835,0
HEALTH FACILITY,in Building,NEW,SMARTLINK,NEGOTIATION,0.0025,0.045454545454545456,0.015294117647058823,0.03607214428857715,5
HEALTH FACILITY,in Building,NEW,SMARTLINK,LOST ,0.0025,0.045454545454545456,0.015294117647058823,0.03607214428857715,0
ISP & ICT,in Building,NEW,INFINYLINK,NEGOTIATION,0.01,0.05454545454545454,0.1411764705882353,0.14829659318637273,3
MANUFAKTUR,in Building,NEW,INFINYLINK,LOST ,0.005,0.05454545454545454,0.058823529411764705,0.0781563126252505,0
MANUFAKTUR,in Building,NEW,INFINYLINK,LOST ,0.001,0.05454545454545454,0.07647058823529411,0.09318637274549098,0
MANUFAKTUR,in Building,NEW,SMARTLINK,LOST ,0.005,0.09090909090909091,0.015294117647058823,0.06112224448897795,0
RETAIL CONSUMER GOODS,in Building,NEW,SMARTLINK,PROPOSAL,0.01,0.045454545454545456,0.011764705882352941,0.033066132264529056,5
EDUCATION,in Building,NEW,INFINYLINK,DISSENGGAGED,0.0005,0.08181818181818182,0.02,0.06012024048096192,2
RETAIL CONSUMER GOODS,in Building,NEW,INFINYLINK,LOST ,0.001,0.05454545454545454,0.07647058823529411,0.09318637274549098,4
FINANCIAL & BANKING,in Building,NEW,INFINYLINK,PROPOSAL,0.02,0.09090909090909091,0.1411764705882353,0.1683366733466934,2
RETAIL CONSUMER GOODS,in Building,NEW,INFINYLINK,NEGOTIATION,0.0005,0.07272727272727272,0.023529411764705882,0.058116232464929855,3
ISP & ICT,in Building,NEW,SMARTLINK,ACTIVE,0.005,0.02727272727272727,0.010588235294117647,0.022044088176352707,5
RETAIL CONSUMER GOODS,in Building,NEW,SMARTLINK,ACTIVE,0.0025,0.02727272727272727,0.011764705882352941,0.02304609218436874,5
MANUFAKTUR,in Building,NEW,SMARTLINK,LOST ,0.01,0.03636363636363636,0.015294117647058823,0.031062124248496994,0
MANUFAKTUR,in Building,NEW,SMARTLINK,LOST ,0.01,0.03636363636363636,0.015294117647058823,0.031062124248496994,0
MANUFAKTUR,in Building,NEW,INFYLINK MIX,PO WON,0.01,0.03636363636363636,0.12352941176470587,0.12324649298597193,3
MANUFAKTUR,in Building,NEW,DATA CENTER,PO WON,0.01,0.03636363636363636,0.10588235294117647,0.10821643286573146,0
HOREKA JKT,in Building,NEW,INFINYLINK,PROPOSAL,0.002,0.05454545454545454,0.03764705882352941,0.06012024048096192,2
EDUCATION,in Building,NEW,SMARTLINK,PROPOSAL,0.0025,0.045454545454545456,0.0058823529411764705,0.028056112224448898,5
RETAIL CONSUMER GOODS,in Building,NEW,INFINYLINK,NEGOTIATION,0.015000000000000001,0.045454545454545456,0.11764705882352941,0.12324649298597193,3
ISP & ICT,in Building,NEW,SMARTLINK,LOST ,0.007500000000000001,0.03636363636363636,0.024705882352941175,0.03907815631262525,5
MANUFAKTUR,in Building,NEW,SMARTLINK,PROPOSAL,0.005,0.02727272727272727,0.010588235294117647,0.022044088176352707,5
RETAIL CONSUMER GOODS,in Building,NEW,INFINYLINK,LOST ,0.001,0.07272727272727272,0.07647058823529411,0.1032064128256513,4
MANUFAKTUR,in Building,NEW,INFINYLINK,LOST ,0.001,0.07272727272727272,0.07647058823529411,0.1032064128256513,0
MANUFAKTUR,in Building,NEW,INFINYLINK,LOST ,0.01,0.045454545454545456,0.09411764705882353,0.1032064128256513,0
MANUFAKTUR,in Building,NEW,INFINYLINK,LOST ,0.002,0.045454545454545456,0.0988235294117647,0.10721442885771543,0
FINANCIAL & BANKING,in Building,NEW,SMARTLINK,PROPOSAL,0.0025,0.03636363636363636,0.010588235294117647,0.027054108216432865,5
EDUCATION,in Building,NEW,SMARTLINK,PROPOSAL,0.01,0.03636363636363636,0.015294117647058823,0.031062124248496994,5
ISP & ICT,in Building,NEW,SMARTLINK,LOST ,0.005,0.045454545454545456,0.010588235294117647,0.03206412825651302,5
HEALTH FACILITY,Greenfield,NEW,INFINYLINK,PROPOSAL,0.01,0.05454545454545454,0.07647058823529411,0.09318637274549098,4
ISP & ICT,in Building,NEW,INFINYLINK,PROPOSAL,0.0005,0.07272727272727272,0.021176470588235293,0.05611222444889779,5
RETAIL CONSUMER GOODS,in Building,NEW,SMARTLINK,PROPOSAL,0.005,0.03636363636363636,0.010588235294117647,0.027054108216432865,5
MANUFAKTUR,Greenfield,NEW,INFINYLINK,NEGOTIATION,0.030000000000000002,0.06363636363636363,0.16470588235294117,0.17334669338677355,4
RETAIL CONSUMER GOODS,in Building,NEW,SMARTLINK,LOST ,0.0025,0.01818181818181818,0.007647058823529411,0.014529058116232464,0
FINANCIAL & BANKING,in Building,NEW,INFYLINK MIX,LOST ,0.005,0.03636363636363636,0.052941176470588235,0.06312625250501001,0
MANUFAKTUR,in Building,NEW,INFYLINK MIX,LOST ,0.005,0.01818181818181818,0.041176470588235294,0.04308617234468937,0
MANUFAKTUR,Greenfield,NEW,INFYLINK MIX,LOST ,0.005,0.05454545454545454,0.06470588235294117,0.08316633266533066,4
MANUFAKTUR,in Building,NEW,SMARTLINK,DISSENGGAGED,0.0025,0.03636363636363636,0.007647058823529411,0.024549098196392786,0
MANUFAKTUR,in Building,NEW,SMARTLINK,DISSENGGAGED,0.0025,0.03636363636363636,0.007647058823529411,0.024549098196392786,0
EDUCATION,Greenfield,NEW,INFYLINK MIX,LOST ,0.007500000000000001,0.03636363636363636,0.06470588235294117,0.07314629258517033,4
HEALTH FACILITY,Greenfield,NEW,SMARTLINK,LOST ,0.01,0.03636363636363636,0.03294117647058823,0.04609218436873747,0
ISP & ICT,in Building,NEW,SMARTLINK,ACTIVE,0.01,0.01818181818181818,0.015294117647058823,0.021042084168336674,5
HOREKA JKT,in Building,NEW,SMARTLINK,ACTIVE,0.01,0.013636363636363636,0.0,0.005511022044088177,5
RETAIL CONSUMER GOODS,in Building,NEW,SMARTLINK,LOST ,0.005,0.09090909090909091,0.014117647058823528,0.06012024048096192,0
HOREKA JKT,in Building,NEW,SMARTLINK,LOST ,0.015000000000000001,0.07272727272727272,0.01764705882352941,0.0531062124248497,0
FINANCIAL & BANKING,in Building,NEW,INFYLINK MIX,LOST ,0.003,0.09090909090909091,0.041176470588235294,0.08316633266533066,2
MANUFAKTUR,in Building,NEW,SMARTLINK,ACTIVE,0.01,0.06909090909090909,0.018823529411764704,0.052104208416833664,0
MANUFAKTUR,in Building,NEW,SMARTLINK,LOST ,0.0025,0.05454545454545454,0.008823529411764706,0.03557114228456913,0
RETAIL CONSUMER GOODS,in Building,NEW,SMARTLINK,LOST ,0.0025,0.05454545454545454,0.011764705882352941,0.038076152304609215,0
FINANCIAL & BANKING,in Building,NEW,SMARTLINK,LOST ,0.0025,0.03636363636363636,0.011764705882352941,0.028056112224448898,0
HEALTH FACILITY,Greenfield,NEW,SMARTLINK,LOST ,0.1,0.07272727272727272,0.08823529411764705,0.11322645290581163,4
HEALTH FACILITY,Greenfield,NEW,INFINYLINK,LOST ,0.01,0.07272727272727272,0.06470588235294117,0.09318637274549098,4
HEALTH FACILITY,Greenfield,NEW,INFINYLINK,LOST ,0.01,0.07272727272727272,0.06470588235294117,0.09318637274549098,4
EDUCATION,in Building,NEW,INFINYLINK,PO WON,0.01,0.045454545454545456,0.06235294117647058,0.07615230460921843,2
HEALTH FACILITY,Greenfield,NEW,INFINYLINK,LOST ,0.01,0.045454545454545456,0.06470588235294117,0.0781563126252505,4
ISP & ICT,Greenfield,NEW,INFINYLINK,DISSENGGAGED,0.005,0.09090909090909091,0.09999999999999999,0.13326653306613226,4
ISP & ICT,in Building,NEW,INFINYLINK,LOST ,0.003,0.03636363636363636,0.041176470588235294,0.0531062124248497,0
HOREKA JKT,in Building,NEW,INFINYLINK,LOST ,0.005,0.03636363636363636,0.052941176470588235,0.06312625250501001,0
RETAIL CONSUMER GOODS,in Building,NEW,INFINYLINK,DISSENGGAGED,0.003,0.03636363636363636,0.041176470588235294,0.0531062124248497,2
MANUFAKTUR,in Building,NEW,SMARTLINK,LOST ,0.005,0.01818181818181818,0.052941176470588235,0.0531062124248497,0
ISP & ICT,in Building,NEW,LOCAL LOOP,NEGOTIATION,0.01,0.07272727272727272,0.11764705882352941,0.13827655310621242,3
FINANCIAL & BANKING,in Building,NEW,INFINYLINK,NEGOTIATION,0.003,0.07272727272727272,0.07058823529411765,0.09819639278557114,2
ISP & ICT,Greenfield,NEW,SMARTLINK,ACTIVE,0.01,0.0,0.014705882352941176,0.010521042084168337,5
FINANCIAL & BANKING,in Building,NEW,INFINYLINK,NEGOTIATION,0.005,0.07272727272727272,0.07058823529411765,0.09819639278557114,2
ISP & ICT,in Building,NEW,INFINYLINK,DISSENGGAGED,0.01,0.07272727272727272,0.09411764705882353,0.11823647294589178,2
RETAIL CONSUMER GOODS,in Building,NEW,SMARTLINK,LOST ,0.005,0.01818181818181818,0.052941176470588235,0.0531062124248497,0
MANUFAKTUR,in Building,NEW,SMARTLINK,NEGOTIATION,0.005,0.01818181818181818,0.052941176470588235,0.0531062124248497,0
ISP & ICT,in Building,NEW,SMARTLINK,ACTIVE,0.025,0.0,0.045294117647058825,0.036573146292585165,5
FINANCIAL & BANKING,Greenfield,NEW,INFYLINK MIX,PO WON,0.005,0.05454545454545454,0.041176470588235294,0.06312625250501001,1
FINANCIAL & BANKING,in Building,NEW,SMARTLINK,NEGOTIATION,0.01,0.02727272727272727,0.015294117647058823,0.026052104208416835,5
RETAIL CONSUMER GOODS,in Building,NEW,INFINYLINK,DISSENGGAGED,0.005,0.045454545454545456,0.058823529411764705,0.07314629258517033,2
RETAIL CONSUMER GOODS,in Building,NEW,SMARTLINK,DISSENGGAGED,0.01,0.01818181818181818,0.011764705882352941,0.018036072144288578,5
RETAIL CONSUMER GOODS,in Building,NEW,SMARTLINK,DISSENGGAGED,0.005,0.01818181818181818,0.007058823529411764,0.014028056112224447,5
ISP & ICT,in Building,NEW,INFYLINK MIX,LOST ,0.005,0.07272727272727272,0.08235294117647059,0.10821643286573146,3
RETAIL CONSUMER GOODS,in Building,NEW,SMARTLINK,PROPOSAL,0.005,0.09090909090909091,0.015294117647058823,0.06112224448897795,5
ISP & ICT,in Building,NEW,INFYLINK MIX,LOST ,0.005,0.05454545454545454,0.07058823529411765,0.08817635270541081,0
ISP & ICT,in Building,NEW,INFYLINK MIX,LOST ,0.005,0.05454545454545454,0.07058823529411765,0.08817635270541081,0
ISP & ICT,in Building,NEW,INFYLINK MIX,LOST ,0.015000000000000001,0.05454545454545454,0.1411764705882353,0.14829659318637273,3
ISP & ICT,in Building,NEW,INFYLINK MIX,LOST ,0.005,0.05454545454545454,0.07058823529411765,0.08817635270541081,0
ISP & ICT,in Building,NEW,INFYLINK MIX,LOST ,0.002,0.05454545454545454,0.03529411764705882,0.058116232464929855,0
ISP & ICT,in Building,NEW,INFYLINK MIX,LOST ,0.002,0.05454545454545454,0.03529411764705882,0.058116232464929855,0
MANUFAKTUR,in Building,NEW,SMARTLINK,PROPOSAL,0.01,0.01818181818181818,0.011764705882352941,0.018036072144288578,5
MANUFAKTUR,in Building,NEW,SMARTLINK,PROPOSAL,0.01,0.03636363636363636,0.011764705882352941,0.028056112224448898,5
ISP & ICT,in Building,NEW,INFINYLINK,PROPOSAL,0.01,0.03636363636363636,0.09411764705882353,0.09819639278557114,2
MANUFAKTUR,in Building,NEW,INFINYLINK,PROPOSAL,0.005,0.09090909090909091,0.03294117647058823,0.07615230460921843,2
ISP & ICT,in Building,NEW,INFINYLINK,NEGOTIATION,0.01,0.09090909090909091,0.07647058823529411,0.11322645290581163,2
MANUFAKTUR,in Building,NEW,SMARTLINK,NEGOTIATION,0.01,0.09090909090909091,0.03294117647058823,0.07615230460921843,0
FINANCIAL & BANKING,in Building,NEW,SMARTLINK,PROPOSAL,0.01,0.09090909090909091,0.03294117647058823,0.07615230460921843,2
MANUFAKTUR,in Building,NEW,SMARTLINK,PROPOSAL,0.005,0.09090909090909091,0.014117647058823528,0.06012024048096192,0
ISP & ICT,in Building,NEW,SMARTLINK,PROPOSAL,0.005,0.09090909090909091,0.014117647058823528,0.06012024048096192,5
ISP & ICT,in Building,NEW,SMARTLINK,PROPOSAL,0.01,0.09090909090909091,0.03294117647058823,0.07615230460921843,5
MANUFAKTUR,in Building,NEW,INFINYLINK,PROPOSAL,0.005,0.09090909090909091,0.03294117647058823,0.07615230460921843,2
MANUFAKTUR,in Building,NEW,SMARTLINK,NEGOTIATION,0.005,0.02727272727272727,0.007058823529411764,0.01903807615230461,0
FINANCIAL & BANKING,in Building,NEW,SMARTLINK,LOST ,0.005,0.03636363636363636,0.007058823529411764,0.02404809619238477,0
MANUFAKTUR,in Building,NEW,SMARTLINK,PROPOSAL,0.025,0.01818181818181818,0.045294117647058825,0.04659318637274549,0
ISP & ICT,in Building,NEW,SMARTLINK,PROPOSAL,0.01,0.01818181818181818,0.03294117647058823,0.03607214428857715,5
FINANCIAL & BANKING,in Building,NEW,INFINYLINK,LOST ,0.005,0.05454545454545454,0.07411764705882352,0.09118236472945891,2
ISP & ICT,in Building,NEW,SMARTLINK,NEGOTIATION,0.005,0.01818181818181818,0.014117647058823528,0.020040080160320644,5
MANUFAKTUR,in Building,NEW,SMARTLINK,PROPOSAL,0.005,0.01818181818181818,0.014117647058823528,0.020040080160320644,5
EDUCATION,in Building,NEW,SMARTLINK,PROPOSAL,0.005,0.01818181818181818,0.014117647058823528,0.020040080160320644,5
HOREKA JKT,in Building,NEW,SMARTLINK,PROPOSAL,0.005,0.01818181818181818,0.014117647058823528,0.020040080160320644,5
ISP & ICT,in Building,NEW,INFINYLINK,NEGOTIATION,0.01,0.09090909090909091,0.07647058823529411,0.11322645290581163,2
MANUFAKTUR,in Building,NEW,SMARTLINK,PROPOSAL,0.005,0.09090909090909091,0.018823529411764704,0.06412825651302605,0
FINANCIAL & BANKING,in Building,NEW,SMARTLINK,PROPOSAL,0.005,0.09090909090909091,0.018823529411764704,0.06412825651302605,2
RETAIL CONSUMER GOODS,Greenfield,NEW,INFINYLINK,NEGOTIATION,0.001,0.05454545454545454,0.029411764705882353,0.0531062124248497,4
HOREKA JKT,in Building,NEW,INFINYLINK,NEGOTIATION,0.01,0.07272727272727272,0.07647058823529411,0.1032064128256513,2
HOREKA JKT,in Building,NEW,INFINYLINK,PROPOSAL,0.01,0.07272727272727272,0.07647058823529411,0.1032064128256513,2
ISP & ICT,in Building,NEW,SMARTLINK,PROPOSAL,0.005,0.07272727272727272,0.018823529411764704,0.05410821643286573,5
FINANCIAL & BANKING,in Building,NEW,SMARTLINK,PROPOSAL,0.005,0.07272727272727272,0.018823529411764704,0.05410821643286573,5
MANUFAKTUR,in Building,NEW,SMARTLINK,PROPOSAL,0.01,0.07272727272727272,0.03294117647058823,0.06613226452905811,0
MANUFAKTUR,in Building,NEW,SMARTLINK,PROPOSAL,0.005,0.07272727272727272,0.018823529411764704,0.05410821643286573,0
RETAIL CONSUMER GOODS,in Building,NEW,INFINYLINK,LOST ,0.01,0.045454545454545456,0.10588235294117647,0.11322645290581163,4
RETAIL CONSUMER GOODS,in Building,NEW,INFINYLINK,PO WON,0.001,0.08181818181818182,0.029411764705882353,0.06813627254509018,2
MANUFAKTUR,in Building,NEW,SMARTLINK,PROPOSAL,0.01,0.07272727272727272,0.03294117647058823,0.06613226452905811,0
MANUFAKTUR,in Building,NEW,SMARTLINK,PROPOSAL,0.01,0.02727272727272727,0.023529411764705882,0.033066132264529056,5
ISP & ICT,in Building,NEW,SMARTLINK,ACTIVE,0.0025,0.02727272727272727,0.047058823529411764,0.0531062124248497,5
HOREKA JKT,in Building,NEW,SMARTLINK,PROPOSAL,0.005,0.07272727272727272,0.018823529411764704,0.05410821643286573,5
ISP & ICT,in Building,NEW,SMARTLINK,PROPOSAL,0.005,0.07272727272727272,0.018823529411764704,0.05410821643286573,5
ISP & ICT,in Building,NEW,SMARTLINK,ACTIVE,0.025,0.02727272727272727,0.047058823529411764,0.0531062124248497,5
MANUFAKTUR,in Building,NEW,INFINYLINK,LOST ,0.005,0.05454545454545454,0.07058823529411765,0.08817635270541081,0
MANUFAKTUR,in Building,NEW,SMARTLINK,LOST ,0.01,0.03636363636363636,0.015294117647058823,0.031062124248496994,0
MANUFAKTUR,in Building,NEW,SMARTLINK,PROPOSAL,0.005,0.07272727272727272,0.018823529411764704,0.05410821643286573,0
MANUFAKTUR,in Building,NEW,SMARTLINK,PROPOSAL,0.01,0.07272727272727272,0.03294117647058823,0.06613226452905811,0
ISP & ICT,in Building,NEW,SMARTLINK,PROPOSAL,0.005,0.07272727272727272,0.018823529411764704,0.05410821643286573,5
MANUFAKTUR,in Building,NEW,SMARTLINK,PO Won,0.01,0.05454545454545454,0.029411764705882353,0.0531062124248497,0
MANUFAKTUR,Greenfield,NEW,SMARTLINK,Proposal,0.01,0.05454545454545454,0.011764705882352941,0.038076152304609215,0
ISP & ICT,in Building,NEW,INFINYLINK,LOST ,0.01,0.045454545454545456,0.08588235294117647,0.09619238476953908,4
MANUFAKTUR,in Building,NEW,SMARTLINK,PO Won,0.0025,0.01818181818181818,0.008823529411764706,0.015531062124248497,0
HEALTH FACILITY,in Building,NEW,INFYLINK MIX,Proposal,0.01,0.09090909090909091,0.08588235294117647,0.12124248496993988,3
FINANCIAL & BANKING,in Building,NEW,INFYLINK MIX,Proposal,0.01,0.09090909090909091,0.08588235294117647,0.12124248496993988,2
ISP & ICT,in Building,NEW,SMARTLINK,Proposal,0.01,0.05454545454545454,0.011764705882352941,0.038076152304609215,5
HOREKA JKT,in Building,NEW,SMARTLINK,Proposal,0.025,0.05454545454545454,0.023529411764705882,0.04809619238476954,0
MANUFAKTUR,in Building,NEW,INFYLINK MIX,Proposal,0.005,0.05454545454545454,0.058823529411764705,0.0781563126252505,0
HOREKA JKT,in Building,NEW,SMARTLINK,LOST ,0.01,0.05454545454545454,0.01764705882352941,0.04308617234468937,0
OTOMOTIF,in Building,NEW,INFYLINK MIX,Proposal,0.005,0.05454545454545454,0.058823529411764705,0.0781563126252505,3
OTOMOTIF,in Building,NEW,SMARTLINK,Proposal,0.01,0.05454545454545454,0.011764705882352941,0.038076152304609215,5
HOREKA JKT,in Building,NEW,SMARTLINK,PO Won,0.0025,0.03636363636363636,0.010588235294117647,0.027054108216432865,5
MANUFAKTUR,in Building,NEW,INFYLINK MIX,Proposal,0.01,0.09090909090909091,0.07058823529411765,0.10821643286573146,3
ISP & ICT,in Building,NEW,INFYLINK MIX,Negotiation,0.015000000000000001,0.09090909090909091,0.12352941176470587,0.1533066132264529,3
ISP & ICT,in Building,NEW,INFYLINK MIX,Proposal,0.002,0.05454545454545454,0.03529411764705882,0.058116232464929855,5
HOREKA JKT,Greenfield,NEW,INFYLINK MIX,Proposal,0.05,0.06363636363636363,0.1588235294117647,0.1683366733466934,1
RETAIL CONSUMER GOODS,in Building,NEW,SMARTLINK,PO Won,0.005,0.02727272727272727,0.007058823529411764,0.01903807615230461,5
FINANCIAL & BANKING,in Building,NEW,INFYLINK MIX,Proposal,0.01,0.09090909090909091,0.07647058823529411,0.11322645290581163,2
MANUFAKTUR,in Building,NEW,INFYLINK MIX,Proposal,0.005,0.05454545454545454,0.058823529411764705,0.0781563126252505,0
HEALTH FACILITY,in Building,NEW,SMARTLINK,Proposal,0.01,0.05454545454545454,0.011764705882352941,0.038076152304609215,5
MANUFAKTUR,Greenfield,NEW,SMARTLINK,Proposal,0.01,0.05454545454545454,0.015294117647058823,0.041082164328657314,0
MANUFAKTUR,Greenfield,NEW,SMARTLINK,Proposal,0.0025,0.05454545454545454,0.008823529411764706,0.03557114228456913,0
HEALTH FACILITY,Greenfield,NEW,INFYLINK MIX,Proposal,0.001,0.05454545454545454,0.07176470588235294,0.08917835671342685,1
ISP & ICT,Greenfield,NEW,INFYLINK MIX,Proposal,0.001,0.05454545454545454,0.07176470588235294,0.08917835671342685,1
HOREKA JKT,in Building,NEW,SMARTLINK,Proposal,0.0025,0.03636363636363636,0.010588235294117647,0.027054108216432865,5
MANUFAKTUR,Greenfield,NEW,SMARTLINK,Proposal,0.01,0.02727272727272727,0.015294117647058823,0.026052104208416835,0
ISP & ICT,Greenfield,NEW,SMARTLINK,Proposal,0.0025,0.02727272727272727,0.011764705882352941,0.02304609218436874,5
MANUFAKTUR,in Building,NEW,SMARTLINK,Proposal,0.0025,0.03636363636363636,0.018823529411764704,0.03406813627254509,0
FINANCIAL & BANKING,Greenfield,NEW,SMARTLINK,LOST ,0.005,0.06363636363636363,0.010588235294117647,0.04208416833667335,0
RETAIL CONSUMER GOODS,in Building,NEW,INFINYLINK,LOST ,0.005,0.05454545454545454,0.07058823529411765,0.08817635270541081,4
ISP & ICT,in Building,NEW,SMARTLINK,PROPOSAL,0.005,0.03636363636363636,0.015294117647058823,0.031062124248496994,5
MANUFAKTUR,in Building,NEW,SMARTLINK,LOST ,0.01,0.03636363636363636,0.011764705882352941,0.028056112224448898,0
HEALTH FACILITY,in Building,NEW,SMARTLINK,LOST ,0.005,0.02727272727272727,0.010588235294117647,0.022044088176352707,0
HEALTH FACILITY,Greenfield,NEW,INFINYLINK,LOST ,0.005,0.05454545454545454,0.058823529411764705,0.0781563126252505,4
MANUFAKTUR,in Building,NEW,SMARTLINK,DISSENGGAGED,0.01,0.03636363636363636,0.011764705882352941,0.028056112224448898,0
RETAIL CONSUMER GOODS,in Building,NEW,SMARTLINK,LOST ,0.0025,0.03090909090909091,0.007647058823529411,0.02154308617234469,0
MANUFAKTUR,Greenfield,NEW,INFYLINK MIX,LOST ,0.005,0.05454545454545454,0.06470588235294117,0.08316633266533066,4
FINANCIAL & BANKING,in Building,NEW,INFINYLINK,LOST ,0.01,0.05454545454545454,0.09411764705882353,0.10821643286573146,2
EDUCATION,Greenfield,NEW,INFINYLINK,LOST ,0.01,0.06363636363636363,0.09411764705882353,0.11322645290581163,4
FINANCIAL & BANKING,in Building,NEW,SMARTLINK,ACTIVE,0.005,0.03636363636363636,0.007058823529411764,0.02404809619238477,5
HEALTH FACILITY,in Building,NEW,SMARTLINK,LOST ,0.0001,0.03636363636363636,0.029411764705882353,0.04308617234468937,0
MANUFAKTUR,in Building,NEW,SMARTLINK,ACTIVE,0.0025,0.01818181818181818,0.011764705882352941,0.018036072144288578,0
FINANCIAL & BANKING,in Building,NEW,INFYLINK MIX,ACTIVE,0.030000000000000002,0.05454545454545454,0.20588235294117646,0.2034068136272545,3
HEALTH FACILITY,Greenfield,NEW,INFYLINK MIX,NEGOTIATION,0.005,0.05454545454545454,0.06470588235294117,0.08316633266533066,1
MANUFAKTUR,in Building,NEW,SMARTLINK,ACTIVE,0.0025,0.01818181818181818,0.011764705882352941,0.018036072144288578,0
EDUCATION,Greenfield,NEW,SMARTLINK,LOST ,0.005,0.03636363636363636,0.015294117647058823,0.031062124248496994,4
RETAIL CONSUMER GOODS,in Building,NEW,SMARTLINK,LOST ,0.005,0.03636363636363636,0.010588235294117647,0.027054108216432865,0
MANUFAKTUR,in Building,NEW,SMARTLINK,PROPOSAL,0.005,0.02727272727272727,0.15294117647058822,0.1432865731462926,0
EDUCATION,in Building,NEW,INFYLINK MIX,LOST ,0.005,0.05454545454545454,0.06470588235294117,0.08316633266533066,4
ISP & ICT,Greenfield,NEW,SMARTLINK,LOST ,0.005,0.05454545454545454,0.015294117647058823,0.041082164328657314,0
ISP & ICT,Greenfield,NEW,SMARTLINK,LOST ,0.01,0.03636363636363636,0.029411764705882353,0.04308617234468937,0
HEALTH FACILITY,Greenfield,NEW,INFYLINK MIX,LOST ,0.01,0.05454545454545454,0.11764705882352941,0.1282565130260521,1
MANUFAKTUR,in Building,NEW,INFYLINK MIX,PROPOSAL,0.01,0.05454545454545454,0.11764705882352941,0.1282565130260521,1
FINANCIAL & BANKING,in Building,NEW,SMARTLINK,NEGOTIATION,0.005,0.05454545454545454,0.023529411764705882,0.04809619238476954,0
RETAIL CONSUMER GOODS,in Building,NEW,SMARTLINK,PROPOSAL,0.01,0.02727272727272727,0.015294117647058823,0.026052104208416835,5
HEALTH FACILITY,Greenfield,NEW,SMARTLINK,LOST ,0.01,0.03636363636363636,0.027058823529411764,0.041082164328657314,0
HEALTH FACILITY,Greenfield,NEW,INFYLINK MIX,NEGOTIATION,0.01,0.05454545454545454,0.07058823529411765,0.08817635270541081,1
HOREKA JKT,Greenfield,NEW,SMARTLINK,DISSENGGAGED,0.005,0.03636363636363636,0.010588235294117647,0.027054108216432865,5
ISP & ICT,in Building,NEW,DATA CENTER,NEGOTIATION,0.01,0.05454545454545454,0.06470588235294117,0.08316633266533066,5
RETAIL CONSUMER GOODS,in Building,NEW,SMARTLINK,LOST ,0.01,0.03090909090909091,0.015294117647058823,0.028056112224448898,0
HEALTH FACILITY,Greenfield,NEW,INFYLINK MIX,LOST ,0.005,0.05454545454545454,0.06470588235294117,0.08316633266533066,4
MANUFAKTUR,Greenfield,NEW,INFYLINK MIX,LOST ,0.01,0.05454545454545454,0.10588235294117647,0.11823647294589178,1
HEALTH FACILITY,Greenfield,NEW,INFYLINK MIX,LOST ,0.005,0.05454545454545454,0.06470588235294117,0.08316633266533066,4
HEALTH FACILITY,in Building,NEW,INFYLINK MIX,LOST ,0.02,0.05454545454545454,0.14705882352941177,0.1533066132264529,3
MANUFAKTUR,in Building,NEW,INFINYLINK,PROPOSAL,0.005,0.05454545454545454,0.058823529411764705,0.0781563126252505,2
HEALTH FACILITY,Greenfield,NEW,INFYLINK MIX,DISSENGGAGED,0.01,0.05454545454545454,0.027058823529411764,0.05110220440881763,1
HEALTH FACILITY,Greenfield,NEW,INFYLINK MIX,DISSENGGAGED,0.005,0.05454545454545454,0.06470588235294117,0.08316633266533066,1
FINANCIAL & BANKING,Greenfield,NEW,INFYLINK MIX,LOST ,0.01,0.05454545454545454,0.07058823529411765,0.08817635270541081,4
ISP & ICT,Greenfield,NEW,SMARTLINK,ACTIVE,0.01,0.03636363636363636,0.023529411764705882,0.038076152304609215,5
ISP & ICT,Greenfield,NEW,INFINYLINK,LOST ,0.025,0.05454545454545454,0.045294117647058825,0.06663326653306613,4
FINANCIAL & BANKING,Greenfield,NEW,INFYLINK MIX,LOST ,0.01,0.02727272727272727,0.015294117647058823,0.026052104208416835,4
ISP & ICT,in Building,NEW,SMARTLINK,LOST ,0.01,0.02727272727272727,0.015294117647058823,0.026052104208416835,5
ISP & ICT,in Building,NEW,SMARTLINK,ACTIVE,0.025,0.045454545454545456,0.17176470588235293,0.16933867735470942,5
OTHERS,in Building,NEW,SMARTLINK,DISSENGGAGED,0.025,0.03636363636363636,0.052941176470588235,0.06312625250501001,0
HEALTH FACILITY,Greenfield,NEW,INFYLINK MIX,DISSENGGAGED,0.01,0.05454545454545454,0.10588235294117647,0.11823647294589178,1
OTHERS,in Building,NEW,SMARTLINK,PROPOSAL,0.01,0.03636363636363636,0.015294117647058823,0.031062124248496994,5
OTHERS,in Building,NEW,SMARTLINK,LOST ,0.0025,0.05454545454545454,0.011764705882352941,0.038076152304609215,0
OTHERS,in Building,NEW,SMARTLINK,LOST ,0.01,0.045454545454545456,0.011764705882352941,0.033066132264529056,0
OTHERS,in Building,NEW,SMARTLINK,LOST ,0.01,0.03636363636363636,0.011764705882352941,0.028056112224448898,0
ISP & ICT,in Building,NEW,LOCAL LOOP,NEGOTIATION,0.01,0.03636363636363636,0.08235294117647059,0.08817635270541081,5
EDUCATION,Greenfield,NEW,INFYLINK MIX,NEGOTIATION,0.01,0.07272727272727272,0.09411764705882353,0.11823647294589178,1
OTHERS,in Building,NEW,INFYLINK MIX,LOST ,0.005,0.07272727272727272,0.08235294117647059,0.10821643286573146,3
ISP & ICT,in Building,NEW,SMARTLINK,PROPOSAL,0.01,0.05454545454545454,0.023529411764705882,0.04809619238476954,5
RETAIL CONSUMER GOODS,in Building,NEW,SMARTLINK,LOST ,0.01,0.03636363636363636,0.03294117647058823,0.04609218436873747,0
FINANCIAL & BANKING,in Building,NEW,SMARTLINK,NEGOTIATION,0.01,0.03636363636363636,0.015294117647058823,0.031062124248496994,5
ISP & ICT,in Building,NEW,SMARTLINK,PROPOSAL,0.1,0.05454545454545454,0.17058823529411765,0.17334669338677355,5
OTHERS,in Building,NEW,SMARTLINK,PROPOSAL,0.005,0.07272727272727272,0.018823529411764704,0.05410821643286573,5
OTHERS,in Building,EXISTING,INFYLINK MIX,NEGOTIATION,0.003,0.0,0.011764705882352941,0.008016032064128256,3
OTHERS,in Building,EXISTING,INFYLINK MIX,ACTIVE,0.003,0.0,0.041176470588235294,0.033066132264529056,5
OTHERS,in Building,NEW,SMARTLINK,PROPOSAL,0.01,0.03636363636363636,0.029411764705882353,0.04308617234468937,5
OTHERS,in Building,NEW,INFYLINK MIX,PO WON,0.01,0.03636363636363636,0.07058823529411765,0.0781563126252505,3
OTHERS,in Building,NEW,SMARTLINK,PO WON,0.01,0.03636363636363636,0.023529411764705882,0.038076152304609215,5
HEALTH FACILITY,Greenfield,NEW,SMARTLINK,DISSENGGAGED,0.005,0.05454545454545454,0.01764705882352941,0.04308617234468937,0
OTHERS,in Building,NEW,SMARTLINK,LOST ,0.01,0.03636363636363636,0.015294117647058823,0.031062124248496994,0
HEALTH FACILITY,in Building,NEW,INFYLINK MIX,DISSENGGAGED,0.001,0.05454545454545454,0.07647058823529411,0.09318637274549098,3
HEALTH FACILITY,Greenfield,NEW,INFYLINK MIX,DISSENGGAGED,0.002,0.05454545454545454,0.047058823529411764,0.06813627254509018,1
HEALTH FACILITY,in Building,NEW,INFYLINK MIX,LOST ,0.01,0.045454545454545456,0.08235294117647059,0.09318637274549098,0
RETAIL CONSUMER GOODS,in Building,NEW,INFYLINK MIX,Negotiation,0.01,0.09090909090909091,0.10588235294117647,0.13827655310621242,3
HEALTH FACILITY,in Building,NEW,SMARTLINK,NEGOTIATION,0.0025,0.02727272727272727,0.011764705882352941,0.02304609218436874,5
HEALTH FACILITY,in Building,NEW,SMARTLINK,LOST ,0.007500000000000001,0.02727272727272727,0.029411764705882353,0.038076152304609215,0
OTHERS,in Building,NEW,SMARTLINK,PROPOSAL,0.01,0.03636363636363636,0.01764705882352941,0.033066132264529056,5
EDUCATION,in Building,NEW,SMARTLINK,DISSENGGAGED,0.0025,0.02727272727272727,0.011764705882352941,0.02304609218436874,5
OTHERS,in Building,NEW,SMARTLINK,ACTIVE,0.005,0.03636363636363636,0.007058823529411764,0.02404809619238477,5
RETAIL CONSUMER GOODS,in Building,NEW,SMARTLINK,DISSENGGAGED,0.0025,0.00909090909090909,0.0058823529411764705,0.008016032064128256,5
MANUFAKTUR,in Building,NEW,SMARTLINK,LOST ,0.01,0.06363636363636363,0.023529411764705882,0.0531062124248497,0
MANUFAKTUR,in Building,NEW,SMARTLINK,LOST ,0.0025,0.02727272727272727,0.011764705882352941,0.02304609218436874,0
OTHERS,in Building,NEW,SMARTLINK,LOST ,0.01,0.03636363636363636,0.03294117647058823,0.04609218436873747,0
HEALTH FACILITY,Greenfield,NEW,INFYLINK MIX,LOST ,0.001,0.09090909090909091,0.11764705882352941,0.14829659318637273,1
ISP & ICT,in Building,NEW,SMARTLINK,LOST ,0.005,0.03636363636363636,0.06470588235294117,0.07314629258517033,0
HOREKA JKT,in Building,NEW,INFYLINK MIX,DISSENGGAGED,0.005,0.07272727272727272,0.052941176470588235,0.08316633266533066,3
HOREKA JKT,Greenfield,NEW,INFYLINK MIX,DISSENGGAGED,0.005,0.07272727272727272,0.052941176470588235,0.08316633266533066,1
MANUFAKTUR,in Building,NEW,INFYLINK MIX,DISSENGGAGED,0.005,0.07272727272727272,0.052941176470588235,0.08316633266533066,0
OTHERS,in Building,NEW,INFINYLINK,PROPOSAL,0.005,0.045454545454545456,0.05647058823529411,0.07114228456913828,2
HEALTH FACILITY,Greenfield,NEW,INFYLINK MIX,LOST ,0.005,0.05454545454545454,0.07058823529411765,0.08817635270541081,4
FINANCIAL & BANKING,Greenfield,NEW,INFYLINK MIX,DISSENGGAGED,0.01,0.09090909090909091,0.08235294117647059,0.11823647294589178,1
HEALTH FACILITY,in Building,NEW,SMARTLINK,LOST ,0.01,0.03636363636363636,0.011764705882352941,0.028056112224448898,0
RETAIL CONSUMER GOODS,in Building,NEW,SMARTLINK,LOST ,0.01,0.03636363636363636,0.011764705882352941,0.028056112224448898,0
HEALTH FACILITY,in Building,NEW,SMARTLINK,LOST ,0.005,0.03636363636363636,0.008235294117647058,0.025050100200400802,0
RETAIL CONSUMER GOODS,in Building,NEW,INFYLINK MIX,LOST ,0.01,0.05454545454545454,0.09411764705882353,0.10821643286573146,3
RETAIL CONSUMER GOODS,in Building,NEW,INFINYLINK,LOST ,0.01,0.045454545454545456,0.08588235294117647,0.09619238476953908,4
MANUFAKTUR,in Building,NEW,INFINYLINK,LOST ,0.001,0.07272727272727272,0.07647058823529411,0.1032064128256513,0
RETAIL CONSUMER GOODS,in Building,NEW,SMARTLINK,LOST ,0.01,0.03636363636363636,0.011764705882352941,0.028056112224448898,0
FINANCIAL & BANKING,in Building,NEW,SMARTLINK,ACTIVE,0.007500000000000001,0.03636363636363636,0.01,0.026553106212424852,5
OTHERS,in Building,NEW,INFYLINK MIX,LOST ,0.008,0.06363636363636363,0.09999999999999999,0.11823647294589178,3
OTHERS,in Building,NEW,INFYLINK MIX,LOST ,0.006,0.05454545454545454,0.08235294117647059,0.09819639278557114,0
OTHERS,in Building,NEW,SMARTLINK,LOST ,0.005,0.03090909090909091,0.010588235294117647,0.02404809619238477,0
MANUFAKTUR,in Building,NEW,INFYLINK MIX,LOST ,0.003,0.0,0.03176470588235294,0.025050100200400802,0
FINANCIAL & BANKING,in Building,NEW,INFINYLINK,NEGOTIATION,0.005,0.05454545454545454,0.05058823529411764,0.07114228456913828,2
OTHERS,in Building,NEW,INFYLINK MIX,PROPOSAL,0.04,0.05454545454545454,0.18235294117647058,0.18336673346693386,3
FINANCIAL & BANKING,in Building,EXISTING,SMARTLINK,ACTIVE,0.007500000000000001,0.03636363636363636,0.01,0.026553106212424852,5
MANUFAKTUR,Greenfield,NEW,SMARTLINK,PROPOSAL,0.005,0.05454545454545454,0.027058823529411764,0.05110220440881763,0
MANUFAKTUR,in Building,NEW,SMARTLINK,LOST ,0.01,0.03636363636363636,0.011764705882352941,0.028056112224448898,0
FINANCIAL & BANKING,in Building,NEW,SMARTLINK,PROPOSAL,0.01,0.03636363636363636,0.011764705882352941,0.028056112224448898,5
ISP & ICT,in Building,NEW,SMARTLINK,PROPOSAL,0.01,0.03636363636363636,0.011764705882352941,0.028056112224448898,5
OTHERS,Greenfield,NEW,INFYLINK MIX,NEGOTIATION,0.01,0.06363636363636363,0.08823529411764705,0.10821643286573146,1
RETAIL CONSUMER GOODS,in Building,NEW,INFINYLINK,NEGOTIATION,0.003,0.045454545454545456,0.03529411764705882,0.0531062124248497,3
OTHERS,Greenfield,NEW,SMARTLINK,LOST ,0.01,0.03636363636363636,0.018823529411764704,0.03406813627254509,0
OTHERS,in Building,NEW,SMARTLINK,LOST ,0.01,0.03636363636363636,0.015294117647058823,0.031062124248496994,0
ISP & ICT,Greenfield,EXISTING,INFYLINK MIX,NEGOTIATION,0.005,0.05454545454545454,0.07058823529411765,0.08817635270541081,1
MANUFAKTUR,in Building,NEW,SMARTLINK,LOST ,0.01,0.03636363636363636,0.011764705882352941,0.028056112224448898,0
EDUCATION,Greenfield,NEW,INFYLINK MIX,NEGOTIATION,0.005,0.05454545454545454,0.058823529411764705,0.0781563126252505,1
EDUCATION,Greenfield,NEW,INFYLINK MIX,DISSENGGAGED,0.005,0.05454545454545454,0.058823529411764705,0.0781563126252505,1
HEALTH FACILITY,Greenfield,NEW,INFYLINK MIX,LOST ,0.005,0.05454545454545454,0.058823529411764705,0.0781563126252505,4
EDUCATION,in Building,NEW,SMARTLINK,LOST ,0.01,0.03636363636363636,0.023529411764705882,0.038076152304609215,0
OTHERS,in Building,NEW,SMARTLINK,PO WON,0.01,0.02727272727272727,0.01764705882352941,0.028056112224448898,5
FINANCIAL & BANKING,in Building,NEW,SMARTLINK,LOST ,0.01,0.03636363636363636,0.011764705882352941,0.028056112224448898,0
ISP & ICT,in Building,NEW,INFYLINK MIX,PO WON,0.001,0.03636363636363636,0.018823529411764704,0.03406813627254509,5
EDUCATION,in Building,NEW,INFYLINK MIX,NEGOTIATION,0.01,0.07272727272727272,0.10588235294117647,0.1282565130260521,3
RETAIL CONSUMER GOODS,in Building,NEW,INFYLINK MIX,PROPOSAL,0.001,0.07272727272727272,0.03529411764705882,0.06813627254509018,3
MANUFAKTUR,in Building,NEW,INFYLINK MIX,PROPOSAL,0.001,0.07272727272727272,0.03529411764705882,0.06813627254509018,2
HOREKA JKT,Greenfield,NEW,Domain,ACTIVE,0.0,0.02727272727272727,0.013670588235294117,0.02466933867735471,4
ISP & ICT,in Building,NEW,SMARTLINK,NEGOTIATION,0.01,0.03636363636363636,0.015294117647058823,0.031062124248496994,5
MANUFAKTUR,Greenfield,NEW,SMARTLINK,PROPOSAL,0.01,0.05454545454545454,0.018823529411764704,0.044088176352705406,0
OTHERS,in Building,NEW,SMARTLINK,ACTIVE,0.01,0.07636363636363637,0.013117647058823529,0.05125250501002004,0
FINANCIAL & BANKING,in Building,NEW,SMARTLINK,PROPOSAL,0.01,0.03636363636363636,0.018823529411764704,0.03406813627254509,5
OTHERS,in Building,NEW,SMARTLINK,LOST ,0.01,0.03636363636363636,0.011764705882352941,0.028056112224448898,0
ISP & ICT,in Building,NEW,INFINYLINK,LOST ,0.005,0.045454545454545456,0.05647058823529411,0.07114228456913828,2
ISP & ICT,in Building,NEW,INFYLINK MIX,LOST ,0.005,0.07272727272727272,0.08235294117647059,0.10821643286573146,3
ISP & ICT,in Building,NEW,LOCAL LOOP,LOST ,0.0004,0.05454545454545454,0.02,0.04509018036072144,0
HEALTH FACILITY,in Building,NEW,SMARTLINK,LOST ,0.01,0.03636363636363636,0.015294117647058823,0.031062124248496994,0
HEALTH FACILITY,in Building,NEW,INFYLINK MIX,NEGOTIATION,0.001,0.05454545454545454,0.02408235294117647,0.04856713426853707,3
FINANCIAL & BANKING,in Building,EXISTING,INFYLINK MIX,ACTIVE,0.05,0.0,0.3176470588235294,0.2685370741482966,3
EDUCATION,in Building,NEW,INFYLINK MIX,LOST ,0.002,0.05454545454545454,0.041176470588235294,0.06312625250501001,0
EDUCATION,in Building,NEW,INFINYLINK,ACTIVE,0.005,0.045454545454545456,0.052941176470588235,0.06813627254509018,2
ISP & ICT,in Building,NEW,SMARTLINK,NEGOTIATION,0.01,0.03636363636363636,0.015294117647058823,0.031062124248496994,5
MANUFAKTUR,in Building,NEW,INFYLINK MIX,NEGOTIATION,0.005,0.05454545454545454,0.052941176470588235,0.07314629258517033,3
ISP & ICT,in Building,NEW,INFYLINK MIX,DISSENGGAGED,0.005,0.05454545454545454,0.058823529411764705,0.0781563126252505,5
HEALTH FACILITY,Greenfield,NEW,SMARTLINK,NEGOTIATION,0.005,0.03636363636363636,0.010588235294117647,0.027054108216432865,5
HEALTH FACILITY,Greenfield,NEW,INFYLINK MIX,PROPOSAL,0.005,0.05454545454545454,0.07058823529411765,0.08817635270541081,1
MANUFAKTUR,in Building,NEW,INFINYLINK,ACTIVE,0.005,0.03636363636363636,0.07647058823529411,0.08316633266533066,2
OTHERS,in Building,NEW,SMARTLINK,NEGOTIATION,0.0025,0.02727272727272727,0.007647058823529411,0.019539078156312627,5
OTOMOTIF,in Building,NEW,SMARTLINK,NEGOTIATION,0.01,0.03636363636363636,0.015294117647058823,0.031062124248496994,5
FINANCIAL & BANKING,in Building,NEW,SMARTLINK,ACTIVE,0.1,0.06363636363636363,0.09999999999999999,0.11823647294589178,2
EDUCATION,Greenfield,NEW,SMARTLINK,PROPOSAL,0.01,0.05454545454545454,0.029411764705882353,0.0531062124248497,1
ISP & ICT,in Building,EXISTING,SMARTLINK,ACTIVE,0.0002,0.03636363636363636,0.0027058823529411765,0.020340681362725453,5
FINANCIAL & BANKING,in Building,NEW,SMARTLINK,PROPOSAL,0.01,0.05454545454545454,0.023529411764705882,0.04809619238476954,5
HOREKA JKT,in Building,NEW,SMARTLINK,PROPOSAL,0.01,0.05454545454545454,0.023529411764705882,0.04809619238476954,5
HOREKA JKT,in Building,NEW,INFYLINK MIX,PROPOSAL,0.005,0.05454545454545454,0.047058823529411764,0.06813627254509018,2
ISP & ICT,in Building,NEW,SMARTLINK,NEGOTIATION,0.01,0.03636363636363636,0.03294117647058823,0.04609218436873747,5
FINANCIAL & BANKING,in Building,NEW,SMARTLINK,LOST ,0.025,0.03636363636363636,0.041176470588235294,0.0531062124248497,0
HEALTH FACILITY,in Building,NEW,SMARTLINK,DISSENGGAGED,0.01,0.03636363636363636,0.01764705882352941,0.033066132264529056,5
OTHERS,in Building,NEW,INFINYLINK,NEGOTIATION,0.002,0.08181818181818182,0.04,0.07715430861723446,2
MANUFAKTUR,Greenfield,NEW,SMARTLINK,PROPOSAL,0.005,0.05454545454545454,0.07647058823529411,0.09318637274549098,1
MANUFAKTUR,Greenfield,NEW,SMARTLINK,PROPOSAL,0.005,0.05454545454545454,0.07647058823529411,0.09318637274549098,1
FINANCIAL & BANKING,in Building,NEW,SMARTLINK,PROPOSAL,0.01,0.03636363636363636,0.015294117647058823,0.031062124248496994,5
MANUFAKTUR,in Building,NEW,INFYLINK MIX,NEGOTIATION,0.003,0.01818181818181818,0.041176470588235294,0.04308617234468937,3
FINANCIAL & BANKING,in Building,NEW,INFYLINK MIX,LOST ,0.01,0.09090909090909091,0.08,0.11623246492985971,2
MANUFAKTUR,in Building,NEW,INFYLINK MIX,PROPOSAL,0.005,0.07272727272727272,0.06470588235294117,0.09318637274549098,2
ISP & ICT,in Building,NEW,INFYLINK MIX,PROPOSAL,0.002,0.07272727272727272,0.041176470588235294,0.07314629258517033,5
MANUFAKTUR,in Building,NEW,INFYLINK MIX,PROPOSAL,0.002,0.09090909090909091,0.03529411764705882,0.0781563126252505,2
ISP & ICT,in Building,NEW,LOCAL LOOP,NEGOTIATION,0.01,0.05454545454545454,0.07647058823529411,0.09318637274549098,5
ISP & ICT,in Building,NEW,LOCAL LOOP,ACTIVE,0.01,0.05454545454545454,0.07058823529411765,0.08817635270541081,5
HEALTH FACILITY,Greenfield,NEW,SMARTLINK,PROPOSAL,0.01,0.05454545454545454,0.027058823529411764,0.05110220440881763,5
OTOMOTIF,in Building,NEW,INFINYLINK,PROPOSAL,0.002,0.05454545454545454,0.0976470588235294,0.11122244488977956,2
HEALTH FACILITY,in Building,NEW,INFINYLINK,ACTIVE,0.01,0.06363636363636363,0.24411764705882352,0.2409819639278557,3
EDUCATION,in Building,NEW,INFINYLINK,PROPOSAL,0.002,0.05454545454545454,0.0976470588235294,0.11122244488977956,2
MANUFAKTUR,in Building,NEW,SMARTLINK,PROPOSAL,0.01,0.03636363636363636,0.03294117647058823,0.04609218436873747,0
HEALTH FACILITY,in Building,NEW,INFINYLINK,PROPOSAL,0.005,0.05454545454545454,0.07647058823529411,0.09318637274549098,2
OTHERS,in Building,NEW,INFYLINK MIX,PROPOSAL,0.005,0.02727272727272727,0.03529411764705882,0.04308617234468937,5
RETAIL CONSUMER GOODS,in Building,NEW,SMARTLINK,PROPOSAL,0.005,0.03636363636363636,0.016470588235294115,0.03206412825651302,5
ISP & ICT,in Building,NEW,SMARTLINK,PROPOSAL,0.005,0.03636363636363636,0.016470588235294115,0.03206412825651302,5
OTOMOTIF,Greenfield,NEW,INFINYLINK,PROPOSAL,0.005,0.05454545454545454,0.07647058823529411,0.09318637274549098,4
MANUFAKTUR,in Building,NEW,SMARTLINK,ACTIVE,0.005,0.03636363636363636,0.015294117647058823,0.031062124248496994,0
HEALTH FACILITY,in Building,NEW,SMARTLINK,LOST ,0.005,0.09090909090909091,0.015294117647058823,0.06112224448897795,0
EDUCATION,Greenfield,NEW,SMARTLINK,NEGOTIATION,0.01,0.045454545454545456,0.029411764705882353,0.04809619238476954,4
EDUCATION,in Building,NEW,INFINYLINK,DISSENGGAGED,0.002,0.045454545454545456,0.0976470588235294,0.1062124248496994,4
ISP & ICT,in Building,NEW,INFINYLINK,PROPOSAL,0.002,0.06363636363636363,0.03764705882352941,0.06513026052104208,2
RETAIL CONSUMER GOODS,in Building,NEW,SMARTLINK,NEGOTIATION,0.005,0.03636363636363636,0.01764705882352941,0.033066132264529056,5
HEALTH FACILITY,in Building,NEW,SMARTLINK,ACTIVE,0.005,0.03636363636363636,0.01941176470588235,0.034569138276553106,5
HEALTH FACILITY,in Building,NEW,SMARTLINK,NEGOTIATION,0.01,0.03636363636363636,0.03294117647058823,0.04609218436873747,0
RETAIL CONSUMER GOODS,in Building,NEW,SMARTLINK,PROPOSAL,0.01,0.03636363636363636,0.029411764705882353,0.04308617234468937,5
MANUFAKTUR,in Building,NEW,INFYLINK MIX,NEGOTIATION,0.005,0.045454545454545456,0.052941176470588235,0.06813627254509018,3
ISP & ICT,in Building,NEW,INFINYLINK,NEGOTIATION,0.0016,1.0,0.0,0.5490981963927856,3
EDUCATION,Greenfield,NEW,INFINYLINK,LOST ,0.005,0.09090909090909091,0.09411764705882353,0.1282565130260521,4
EDUCATION,Greenfield,NEW,SMARTLINK,DISSENGGAGED,0.01,0.05454545454545454,0.058823529411764705,0.0781563126252505,4
HOREKA JKT,in Building,NEW,SMARTLINK,ACTIVE,0.001,0.0,0.0058823529411764705,0.003006012024048096,5
HOREKA JKT,in Building,NEW,SMARTLINK,LOST ,0.01,0.045454545454545456,0.011764705882352941,0.033066132264529056,0
MANUFAKTUR,in Building,NEW,INFINYLINK,ACTIVE,0.01,0.0,0.041176470588235294,0.033066132264529056,0
RETAIL CONSUMER GOODS,in Building,NEW,SMARTLINK,ACTIVE,0.01,0.0,0.01764705882352941,0.013026052104208416,5
HOREKA JKT,in Building,NEW,SMARTLINK,LOST ,0.005,0.03636363636363636,0.015294117647058823,0.031062124248496994,0
ISP & ICT,in Building,NEW,INFINYLINK,NEGOTIATION,0.01,0.05454545454545454,0.15294117647058822,0.15831663326653306,3
RETAIL CONSUMER GOODS,in Building,NEW,INFINYLINK,PROPOSAL,0.005,0.09090909090909091,0.07058823529411765,0.10821643286573146,2
RETAIL CONSUMER GOODS,in Building,NEW,INFINYLINK,LOST ,0.01,0.01818181818181818,0.08235294117647059,0.0781563126252505,4
MANUFAKTUR,in Building,NEW,LOCAL LOOP,NEGOTIATION,0.005,0.05454545454545454,0.047058823529411764,0.06813627254509018,0
EDUCATION,in Building,NEW,SMARTLINK,PO WON,0.05,0.03636363636363636,0.042352941176470586,0.05410821643286573,0
HEALTH FACILITY,in Building,NEW,SMARTLINK,PROPOSAL,0.005,0.03636363636363636,0.007058823529411764,0.02404809619238477,5
MANUFAKTUR,in Building,NEW,SMARTLINK,NEGOTIATION,0.01,0.03636363636363636,0.011764705882352941,0.028056112224448898,0
HEALTH FACILITY,in Building,NEW,SMARTLINK,NEGOTIATION,0.01,0.03636363636363636,0.011764705882352941,0.028056112224448898,5
OTOMOTIF,in Building,NEW,INFYLINK MIX,PO WON,0.005,0.05454545454545454,0.047058823529411764,0.06813627254509018,3
HEALTH FACILITY,in Building,NEW,SMARTLINK,PROPOSAL,0.01,0.03636363636363636,0.011764705882352941,0.028056112224448898,5
MANUFAKTUR,in Building,NEW,SMARTLINK,PROPOSAL,0.005,0.03636363636363636,0.007058823529411764,0.02404809619238477,5
HEALTH FACILITY,in Building,NEW,INFINYLINK,PROPOSAL,0.002,0.03636363636363636,0.0976470588235294,0.10120240480961923,2
HEALTH FACILITY,in Building,NEW,SMARTLINK,PROPOSAL,0.005,0.045454545454545456,0.15294117647058822,0.1533066132264529,5
OTOMOTIF,in Building,NEW,SMARTLINK,LOST ,0.01,0.03636363636363636,0.23529411764705882,0.218436873747495,3
FINANCIAL & BANKING,Greenfield,NEW,INFINYLINK,NEGOTIATION,0.005,0.07272727272727272,0.08823529411764705,0.11322645290581163,4
EDUCATION,in Building,NEW,SMARTLINK,PROPOSAL,0.01,0.02727272727272727,0.011764705882352941,0.02304609218436874,5
HEALTH FACILITY,Greenfield,NEW,SMARTLINK,PROPOSAL,0.01,0.05454545454545454,0.01764705882352941,0.04308617234468937,5
HOREKA JKT,in Building,NEW,SMARTLINK,LOST ,0.005,0.03636363636363636,0.007058823529411764,0.02404809619238477,0
ISP & ICT,in Building,NEW,INFINYLINK,PROPOSAL,0.005,0.03636363636363636,0.07647058823529411,0.08316633266533066,2
ISP & ICT,in Building,NEW,SMARTLINK,PO WON,0.01,0.09090909090909091,0.016470588235294115,0.06212424849699398,5
RETAIL CONSUMER GOODS,in Building,NEW,INFINYLINK,PROPOSAL,0.005,0.05454545454545454,0.07647058823529411,0.09318637274549098,2
HEALTH FACILITY,in Building,NEW,INFINYLINK,LOST ,0.002,0.05454545454545454,0.0976470588235294,0.11122244488977956,4
MANUFAKTUR,in Building,NEW,INFYLINK MIX,NEGOTIATION,0.01,0.03636363636363636,0.07647058823529411,0.08316633266533066,3
HEALTH FACILITY,in Building,NEW,SMARTLINK,PROPOSAL,0.0025,0.02727272727272727,0.010588235294117647,0.022044088176352707,5
RETAIL CONSUMER GOODS,in Building,NEW,SMARTLINK,PROPOSAL,0.01,0.02727272727272727,0.029411764705882353,0.038076152304609215,5
RETAIL CONSUMER GOODS,in Building,NEW,SMARTLINK,PO WON,0.01,0.045454545454545456,0.011764705882352941,0.033066132264529056,5
FINANCIAL & BANKING,in Building,NEW,SMARTLINK,ACTIVE,0.005,0.02727272727272727,0.010588235294117647,0.022044088176352707,5
FINANCIAL & BANKING,in Building,NEW,INFINYLINK,LOST ,0.005,0.06363636363636363,0.047058823529411764,0.07314629258517033,2
MANUFAKTUR,in Building,NEW,SMARTLINK,PROPOSAL,0.01,0.05454545454545454,0.015294117647058823,0.041082164328657314,0
EDUCATION,Greenfield,NEW,INFINYLINK,LOST ,0.002,0.09090909090909091,0.058823529411764705,0.09819639278557114,4
EDUCATION,Greenfield,NEW,INFYLINK MIX,NEGOTIATION,0.01,0.07272727272727272,0.08235294117647059,0.10821643286573146,1
ISP & ICT,in Building,NEW,SMARTLINK,LOST ,0.01,0.03636363636363636,0.03294117647058823,0.04609218436873747,0
MANUFAKTUR,in Building,NEW,SMARTLINK,NEGOTIATION,0.01,0.03636363636363636,0.03294117647058823,0.04609218436873747,0
HOREKA JKT,in Building,NEW,SMARTLINK,PO WON,0.005,0.03636363636363636,0.007058823529411764,0.02404809619238477,5
FINANCIAL & BANKING,Greenfield,NEW,INFINYLINK,PO WON,0.005,0.05454545454545454,0.04941176470588235,0.07014028056112225,2
MANUFAKTUR,in Building,NEW,SMARTLINK,ACTIVE,0.01,0.02727272727272727,0.052941176470588235,0.058116232464929855,0
MANUFAKTUR,in Building,NEW,LOCAL LOOP,LOST ,0.002,0.09090909090909091,0.041176470588235294,0.08316633266533066,0
RETAIL CONSUMER GOODS,in Building,NEW,INFINYLINK,NEGOTIATION,0.002,0.03636363636363636,0.03764705882352941,0.0501002004008016,3
RETAIL CONSUMER GOODS,in Building,NEW,INFINYLINK,NEGOTIATION,0.0005,0.09090909090909091,0.02,0.06513026052104208,3
OTOMOTIF,in Building,NEW,INFINYLINK,PROPOSAL,0.002,0.03636363636363636,0.0976470588235294,0.10120240480961923,2
RETAIL CONSUMER GOODS,in Building,NEW,INFINYLINK,PROPOSAL,0.0005,0.09090909090909091,0.02,0.06513026052104208,2
HEALTH FACILITY,in Building,NEW,SMARTLINK,PROPOSAL,0.003,0.03636363636363636,0.03529411764705882,0.04809619238476954,5
MANUFAKTUR,in Building,NEW,SMARTLINK,PROPOSAL,0.01,0.03636363636363636,0.011764705882352941,0.028056112224448898,5
MANUFAKTUR,in Building,NEW,SMARTLINK,LOST ,0.0025,0.02727272727272727,0.010588235294117647,0.022044088176352707,0
ISP & ICT,in Building,NEW,INFINYLINK,PROPOSAL,0.005,0.05454545454545454,0.052941176470588235,0.07314629258517033,2
MANUFAKTUR,Greenfield,NEW,INFYLINK MIX,NEGOTIATION,0.003,0.07272727272727272,0.04588235294117647,0.07715430861723446,1
ISP & ICT,in Building,NEW,INFYLINK MIX,NEGOTIATION,1.0,0.05454545454545454,0.3411764705882353,0.3186372745490982,3
MANUFAKTUR,in Building,NEW,INFINYLINK,NEGOTIATION,0.0005,0.07272727272727272,0.02,0.05511022044088176,0
FINANCIAL & BANKING,in Building,NEW,SMARTLINK,LOST ,0.015000000000000001,0.03636363636363636,0.023529411764705882,0.038076152304609215,0
RETAIL CONSUMER GOODS,in Building,NEW,SMARTLINK,PO WON,0.0025,0.03636363636363636,0.010588235294117647,0.027054108216432865,5
EDUCATION,in Building,NEW,SMARTLINK,LOST ,0.01,0.045454545454545456,0.015294117647058823,0.03607214428857715,0
RETAIL CONSUMER GOODS,in Building,NEW,INFINYLINK,PROPOSAL,0.0005,0.05454545454545454,0.02,0.04509018036072144,2
HOREKA JKT,Greenfield,EXISTING,INFINYLINK,NEGOTIATION,0.005,0.05454545454545454,0.05647058823529411,0.07615230460921843,4
ISP & ICT,in Building,NEW,SMARTLINK,LOST ,0.01,0.03636363636363636,0.015294117647058823,0.031062124248496994,5
MANUFAKTUR,in Building,NEW,INFYLINK MIX,PROPOSAL,0.005,0.045454545454545456,0.05058823529411764,0.06613226452905811,2
MANUFAKTUR,in Building,NEW,SMARTLINK,PROPOSAL,0.0025,0.03636363636363636,0.007647058823529411,0.024549098196392786,5
HEALTH FACILITY,in Building,NEW,SMARTLINK,PROPOSAL,0.01,0.02727272727272727,0.029411764705882353,0.038076152304609215,5
EDUCATION,in Building,NEW,SMARTLINK,PROPOSAL,0.01,0.03636363636363636,0.015294117647058823,0.031062124248496994,5
MANUFAKTUR,in Building,NEW,INFYLINK MIX,PROPOSAL,0.05,0.05454545454545454,0.3176470588235294,0.2985971943887775,3
ISP & ICT,in Building,NEW,SMARTLINK,PROPOSAL,0.025,0.02727272727272727,0.047058823529411764,0.0531062124248497,5
